--
-- PostgreSQL database dump
--

-- Dumped from database version 15.4
-- Dumped by pg_dump version 16.0

SET statement_timeout = 0;
SET lock_timeout = 0;
SET idle_in_transaction_session_timeout = 0;
SET client_encoding = 'UTF8';
SET standard_conforming_strings = on;
SELECT pg_catalog.set_config('search_path', '', false);
SET check_function_bodies = false;
SET xmloption = content;
SET client_min_messages = warning;
SET row_security = off;

DROP DATABASE IF EXISTS ecommerce_vbrg;
--
-- Name: ecommerce_vbrg; Type: DATABASE; Schema: -; Owner: root
--

CREATE DATABASE ecommerce_vbrg WITH TEMPLATE = template0 ENCODING = 'UTF8' LOCALE_PROVIDER = libc LOCALE = 'en_US.UTF8';


ALTER DATABASE ecommerce_vbrg OWNER TO root;

\connect ecommerce_vbrg

SET statement_timeout = 0;
SET lock_timeout = 0;
SET idle_in_transaction_session_timeout = 0;
SET client_encoding = 'UTF8';
SET standard_conforming_strings = on;
SELECT pg_catalog.set_config('search_path', '', false);
SET check_function_bodies = false;
SET xmloption = content;
SET client_min_messages = warning;
SET row_security = off;

--
-- Name: ecommerce_vbrg; Type: DATABASE PROPERTIES; Schema: -; Owner: root
--

ALTER DATABASE ecommerce_vbrg SET "TimeZone" TO 'Africa/Cairo';


\connect ecommerce_vbrg

SET statement_timeout = 0;
SET lock_timeout = 0;
SET idle_in_transaction_session_timeout = 0;
SET client_encoding = 'UTF8';
SET standard_conforming_strings = on;
SELECT pg_catalog.set_config('search_path', '', false);
SET check_function_bodies = false;
SET xmloption = content;
SET client_min_messages = warning;
SET row_security = off;

--
-- Name: public; Type: SCHEMA; Schema: -; Owner: root
--

-- *not* creating schema, since initdb creates it


ALTER SCHEMA public OWNER TO root;

--
-- Name: before_update_order_statue(); Type: FUNCTION; Schema: public; Owner: root
--

CREATE FUNCTION public.before_update_order_statue() RETURNS trigger
    LANGUAGE plpgsql
    AS $$
BEGIN
    IF NEW.order_status = 'COMPLETED' AND OLD.order_status <> 'COMPLETED' THEN
        UPDATE order_t
        SET arrival_date = current_timestamp
        WHERE id = NEW.id;

        Update payment_t
        set payment_date = current_timestamp
        WHERE order_id = NEW.id
          AND payment_method = 'CASH';
    END IF;

    RETURN NEW;
END;
$$;


ALTER FUNCTION public.before_update_order_statue() OWNER TO root;

--
-- Name: before_update_product_price(); Type: FUNCTION; Schema: public; Owner: root
--

CREATE FUNCTION public.before_update_product_price() RETURNS trigger
    LANGUAGE plpgsql
    AS $$
BEGIN
    IF NEW.price IS DISTINCT FROM OLD.price THEN
        INSERT INTO price_history_t (product_id, price, date)
        VALUES (OLD.id, OLD.price, CURRENT_TIMESTAMP);
    END IF;
    RETURN NEW;
END;
$$;


ALTER FUNCTION public.before_update_product_price() OWNER TO root;

--
-- Name: get_all_product_by_category(character varying); Type: FUNCTION; Schema: public; Owner: root
--

CREATE FUNCTION public.get_all_product_by_category(cat_name character varying) RETURNS TABLE(id bigint, title character varying, price numeric, stockquantity integer, image text, rating numeric, description text, category character varying)
    LANGUAGE plpgsql
    AS $$
BEGIN
    RETURN QUERY
        SELECT p.id,
               p.product_title  AS title,
               p.price,
               p.stock_quantity AS stockQuantity,
               p.image_url      AS image,
               p.rating,
               p.description,
               c.category_name  AS category
        FROM product_t p
                 JOIN
             category_t c ON c.id = p.category_id
        WHERE category_name = cat_name;
END;
$$;


ALTER FUNCTION public.get_all_product_by_category(cat_name character varying) OWNER TO root;

--
-- Name: get_all_products(); Type: FUNCTION; Schema: public; Owner: root
--

CREATE FUNCTION public.get_all_products() RETURNS TABLE(id bigint, title character varying, price numeric, stockquantity integer, image text, rating numeric, description text, category character varying)
    LANGUAGE plpgsql
    AS $$
BEGIN
    RETURN QUERY
        SELECT p.id,
               p.product_title  AS title,
               p.price,
               p.stock_quantity AS stockQuantity,
               p.image_url      AS image,
               p.rating,
               p.description,
               c.category_name  AS category
        FROM product_t p
                 JOIN
             category_t c ON c.id = p.category_id;
END;
$$;


ALTER FUNCTION public.get_all_products() OWNER TO root;

--
-- Name: get_order_details(bigint); Type: FUNCTION; Schema: public; Owner: root
--

CREATE FUNCTION public.get_order_details(orderid bigint) RETURNS TABLE(id bigint, arrivaldate timestamp without time zone, orderdate timestamp without time zone, statue character varying, paymentmethod character varying, amount numeric, firstname character varying, lastname character varying, phone character varying, countryname character varying, cityname character varying, street character varying, postalcode character varying)
    LANGUAGE plpgsql
    AS $$
BEGIN
    RETURN QUERY
        SELECT o.id,
               o.arrival_date    AS arrivalDate,
               o.order_date      AS orderDate,
               o.order_status    AS statue,
               pt.payment_method AS paymentMethod,
               pt.amount,
               ut.first_name     AS firstName,
               ut.last_name      AS lastName,
               ut.phone,
               ct.name           AS countryName,
               c.name            AS cityName,
               a.street,
               a.postal_code     AS postalCode
        FROM order_t o
                 JOIN
             address_t a ON a.id = o.address_id
                 JOIN
             user_t ut ON ut.id = a.customer_id
                 JOIN
             payment_t pt ON o.id = pt.order_id
                 JOIN
             country_t ct ON a.country_id = ct.id
                 JOIN
             city_t c ON c.id = a.city_id
        WHERE o.id = orderId;
END;
$$;


ALTER FUNCTION public.get_order_details(orderid bigint) OWNER TO root;

--
-- Name: get_order_details_by_customer_id(bigint); Type: FUNCTION; Schema: public; Owner: root
--

CREATE FUNCTION public.get_order_details_by_customer_id(customerid bigint) RETURNS TABLE(id bigint, arrivaldate timestamp without time zone, orderdate timestamp without time zone, statue character varying, paymentmethod character varying, amount numeric, firstname character varying, lastname character varying, phone character varying, countryname character varying, cityname character varying, street character varying, postalcode character varying)
    LANGUAGE plpgsql
    AS $$
BEGIN
    RETURN QUERY
        SELECT o.id,
               o.arrival_date    AS arrivalDate,
               o.order_date      AS orderDate,
               o.order_status    AS statue,
               pt.payment_method AS paymentMethod,
               pt.amount,
               ut.first_name     AS firstName,
               ut.last_name      AS lastName,
               ut.phone,
               ct.name           AS countryName,
               c.name            AS cityName,
               a.street,
               a.postal_code     AS postalCode
        FROM order_t o
                 JOIN
             address_t a ON a.id = o.address_id
                 JOIN
             user_t ut ON ut.id = a.customer_id
                 JOIN
             payment_t pt ON o.id = pt.order_id
                 JOIN
             country_t ct ON a.country_id = ct.id
                 JOIN
             city_t c ON c.id = a.city_id
        WHERE o.customer_id = customerId
        ORDER BY o.id desc;
END;
$$;


ALTER FUNCTION public.get_order_details_by_customer_id(customerid bigint) OWNER TO root;

--
-- Name: get_top_selling(); Type: FUNCTION; Schema: public; Owner: root
--

CREATE FUNCTION public.get_top_selling() RETURNS TABLE(id bigint, title character varying, price numeric, stockquantity integer, image text, rating numeric, description text, category character varying, sold bigint)
    LANGUAGE plpgsql
    AS $$
BEGIN
    RETURN QUERY
        SELECT p.id,
               p.product_title   AS title,
               p.price,
               p.stock_quantity  AS stockQuantity,
               p.image_url       AS image,
               p.rating,
               p.description,
               c.category_name   AS category,
               SUM(oit.quantity) AS sold
        FROM product_t p
                 JOIN
             category_t c ON c.id = p.category_id
                 JOIN order_item_t oit on p.id = oit.product_id
        group by p.id, c.category_name
        order by sold desc;

END;
$$;


ALTER FUNCTION public.get_top_selling() OWNER TO root;

SET default_tablespace = '';

SET default_table_access_method = heap;

--
-- Name: address_t; Type: TABLE; Schema: public; Owner: root
--

CREATE TABLE public.address_t (
    id bigint NOT NULL,
    customer_id bigint NOT NULL,
    city_id bigint NOT NULL,
    country_id bigint NOT NULL,
    street character varying(255) NOT NULL,
    postal_code character varying(16) NOT NULL
);


ALTER TABLE public.address_t OWNER TO root;

--
-- Name: address_t_id_seq; Type: SEQUENCE; Schema: public; Owner: root
--

ALTER TABLE public.address_t ALTER COLUMN id ADD GENERATED BY DEFAULT AS IDENTITY (
    SEQUENCE NAME public.address_t_id_seq
    START WITH 1
    INCREMENT BY 1
    NO MINVALUE
    NO MAXVALUE
    CACHE 1
);


--
-- Name: category_t; Type: TABLE; Schema: public; Owner: root
--

CREATE TABLE public.category_t (
    category_name character varying(255) NOT NULL,
    id bigint NOT NULL,
    image_url text
);


ALTER TABLE public.category_t OWNER TO root;

--
-- Name: category_id_seq; Type: SEQUENCE; Schema: public; Owner: root
--

ALTER TABLE public.category_t ALTER COLUMN id ADD GENERATED BY DEFAULT AS IDENTITY (
    SEQUENCE NAME public.category_id_seq
    START WITH 1
    INCREMENT BY 1
    NO MINVALUE
    NO MAXVALUE
    CACHE 1
);


--
-- Name: city_t; Type: TABLE; Schema: public; Owner: root
--

CREATE TABLE public.city_t (
    id bigint NOT NULL,
    name character varying(50) NOT NULL,
    country_id bigint DEFAULT 1 NOT NULL
);


ALTER TABLE public.city_t OWNER TO root;

--
-- Name: city_t_id_seq; Type: SEQUENCE; Schema: public; Owner: root
--

ALTER TABLE public.city_t ALTER COLUMN id ADD GENERATED BY DEFAULT AS IDENTITY (
    SEQUENCE NAME public.city_t_id_seq
    START WITH 1
    INCREMENT BY 1
    NO MINVALUE
    NO MAXVALUE
    CACHE 1
);


--
-- Name: country_t; Type: TABLE; Schema: public; Owner: root
--

CREATE TABLE public.country_t (
    id bigint NOT NULL,
    name character varying(50) NOT NULL
);


ALTER TABLE public.country_t OWNER TO root;

--
-- Name: country_t_id_seq; Type: SEQUENCE; Schema: public; Owner: root
--

ALTER TABLE public.country_t ALTER COLUMN id ADD GENERATED BY DEFAULT AS IDENTITY (
    SEQUENCE NAME public.country_t_id_seq
    START WITH 1
    INCREMENT BY 1
    NO MINVALUE
    NO MAXVALUE
    CACHE 1
);


--
-- Name: user_t; Type: TABLE; Schema: public; Owner: root
--

CREATE TABLE public.user_t (
    id bigint NOT NULL,
    first_name character varying(50) NOT NULL,
    last_name character varying(50) NOT NULL,
    email character varying(255) NOT NULL,
    phone character varying(20) NOT NULL,
    join_date timestamp without time zone DEFAULT CURRENT_TIMESTAMP NOT NULL,
    password text NOT NULL,
    role character varying(20) DEFAULT 'USER'::character varying
);


ALTER TABLE public.user_t OWNER TO root;

--
-- Name: customer_id_seq; Type: SEQUENCE; Schema: public; Owner: root
--

ALTER TABLE public.user_t ALTER COLUMN id ADD GENERATED BY DEFAULT AS IDENTITY (
    SEQUENCE NAME public.customer_id_seq
    START WITH 1
    INCREMENT BY 1
    NO MINVALUE
    NO MAXVALUE
    CACHE 1
);


--
-- Name: order_item_t; Type: TABLE; Schema: public; Owner: root
--

CREATE TABLE public.order_item_t (
    id bigint NOT NULL,
    order_id bigint,
    quantity integer NOT NULL,
    product_id bigint
);


ALTER TABLE public.order_item_t OWNER TO root;

--
-- Name: order_Item_id_seq; Type: SEQUENCE; Schema: public; Owner: root
--

ALTER TABLE public.order_item_t ALTER COLUMN id ADD GENERATED BY DEFAULT AS IDENTITY (
    SEQUENCE NAME public."order_Item_id_seq"
    START WITH 1
    INCREMENT BY 1
    NO MINVALUE
    NO MAXVALUE
    CACHE 1
);


--
-- Name: order_t; Type: TABLE; Schema: public; Owner: root
--

CREATE TABLE public.order_t (
    id bigint NOT NULL,
    customer_id bigint NOT NULL,
    order_date timestamp(2) without time zone DEFAULT CURRENT_TIMESTAMP(2) NOT NULL,
    arrival_date timestamp without time zone,
    address_id bigint NOT NULL,
    order_status character varying DEFAULT 'PENDING'::text NOT NULL
);


ALTER TABLE public.order_t OWNER TO root;

--
-- Name: order__id_seq; Type: SEQUENCE; Schema: public; Owner: root
--

ALTER TABLE public.order_t ALTER COLUMN id ADD GENERATED BY DEFAULT AS IDENTITY (
    SEQUENCE NAME public.order__id_seq
    START WITH 1
    INCREMENT BY 1
    NO MINVALUE
    NO MAXVALUE
    CACHE 1
);


--
-- Name: payment_t; Type: TABLE; Schema: public; Owner: root
--

CREATE TABLE public.payment_t (
    id bigint NOT NULL,
    order_id bigint NOT NULL,
    payment_date timestamp without time zone,
    payment_method character varying(50) NOT NULL,
    amount numeric(12,2) NOT NULL
);


ALTER TABLE public.payment_t OWNER TO root;

--
-- Name: order_details_v; Type: VIEW; Schema: public; Owner: root
--

CREATE VIEW public.order_details_v AS
 SELECT o.id,
    o.arrival_date,
    o.order_date,
    o.order_status AS statue,
    pt.payment_method,
    pt.amount,
    ut.first_name,
    ut.last_name,
    ut.phone,
    ct.name AS country_name,
    c.name AS city_name,
    a.street,
    a.postal_code
   FROM (((((public.order_t o
     JOIN public.address_t a ON ((a.id = o.address_id)))
     JOIN public.user_t ut ON ((ut.id = a.customer_id)))
     JOIN public.payment_t pt ON ((o.id = pt.order_id)))
     JOIN public.country_t ct ON ((a.country_id = ct.id)))
     JOIN public.city_t c ON ((c.id = a.city_id)));


ALTER VIEW public.order_details_v OWNER TO root;

--
-- Name: payment_id_seq; Type: SEQUENCE; Schema: public; Owner: root
--

ALTER TABLE public.payment_t ALTER COLUMN id ADD GENERATED BY DEFAULT AS IDENTITY (
    SEQUENCE NAME public.payment_id_seq
    START WITH 1
    INCREMENT BY 1
    NO MINVALUE
    NO MAXVALUE
    CACHE 1
);


--
-- Name: price_history_t; Type: TABLE; Schema: public; Owner: root
--

CREATE TABLE public.price_history_t (
    id bigint NOT NULL,
    product_id bigint NOT NULL,
    price numeric(8,2) NOT NULL,
    date timestamp without time zone NOT NULL
);


ALTER TABLE public.price_history_t OWNER TO root;

--
-- Name: price_history_t_id_seq; Type: SEQUENCE; Schema: public; Owner: root
--

ALTER TABLE public.price_history_t ALTER COLUMN id ADD GENERATED BY DEFAULT AS IDENTITY (
    SEQUENCE NAME public.price_history_t_id_seq
    START WITH 1
    INCREMENT BY 1
    NO MINVALUE
    NO MAXVALUE
    CACHE 1
);


--
-- Name: product_t; Type: TABLE; Schema: public; Owner: root
--

CREATE TABLE public.product_t (
    id bigint NOT NULL,
    product_title character varying(255) NOT NULL,
    description text NOT NULL,
    price numeric(8,2) NOT NULL,
    stock_quantity integer NOT NULL,
    rating numeric(2,1),
    image_url text,
    category_id bigint NOT NULL
);


ALTER TABLE public.product_t OWNER TO root;

--
-- Name: product_id_seq; Type: SEQUENCE; Schema: public; Owner: root
--

ALTER TABLE public.product_t ALTER COLUMN id ADD GENERATED BY DEFAULT AS IDENTITY (
    SEQUENCE NAME public.product_id_seq
    START WITH 1
    INCREMENT BY 1
    NO MINVALUE
    NO MAXVALUE
    CACHE 1
);


--
-- Name: sold_products_v; Type: VIEW; Schema: public; Owner: root
--

CREATE VIEW public.sold_products_v AS
 SELECT get_top_selling.id,
    get_top_selling.title,
    get_top_selling.sold
   FROM public.get_top_selling() get_top_selling(id, title, price, stockquantity, image, rating, description, category, sold);


ALTER VIEW public.sold_products_v OWNER TO root;

--
-- Data for Name: address_t; Type: TABLE DATA; Schema: public; Owner: root
--

INSERT INTO public.address_t (id, customer_id, city_id, country_id, street, postal_code) VALUES (7, 2, 2, 1, 'string', 'string');
INSERT INTO public.address_t (id, customer_id, city_id, country_id, street, postal_code) VALUES (1, 1, 3, 1, 'string', 'string');
INSERT INTO public.address_t (id, customer_id, city_id, country_id, street, postal_code) VALUES (8, 2, 6, 1, 'string', 'string');
INSERT INTO public.address_t (id, customer_id, city_id, country_id, street, postal_code) VALUES (11, 31, 353, 1, 'Abu bakr', '44819');
INSERT INTO public.address_t (id, customer_id, city_id, country_id, street, postal_code) VALUES (12, 37, 353, 1, 'Abu bakr', '44819');
INSERT INTO public.address_t (id, customer_id, city_id, country_id, street, postal_code) VALUES (13, 37, 6, 1, 'test', '44819');
INSERT INTO public.address_t (id, customer_id, city_id, country_id, street, postal_code) VALUES (14, 37, 350, 1, 'test2', '44194');
INSERT INTO public.address_t (id, customer_id, city_id, country_id, street, postal_code) VALUES (16, 37, 2, 1, 'test3', '44194');
INSERT INTO public.address_t (id, customer_id, city_id, country_id, street, postal_code) VALUES (17, 37, 14, 1, 'test4', '44194');
INSERT INTO public.address_t (id, customer_id, city_id, country_id, street, postal_code) VALUES (18, 37, 275, 1, 'test5', '54354');
INSERT INTO public.address_t (id, customer_id, city_id, country_id, street, postal_code) VALUES (19, 34, 353, 1, 'banus', '44194');
INSERT INTO public.address_t (id, customer_id, city_id, country_id, street, postal_code) VALUES (20, 34, 4, 1, 'sadasdas', '5321');
INSERT INTO public.address_t (id, customer_id, city_id, country_id, street, postal_code) VALUES (21, 34, 8, 1, 'dasd', '365356');
INSERT INTO public.address_t (id, customer_id, city_id, country_id, street, postal_code) VALUES (22, 39, 353, 1, 'zagazige ', '2654321');
INSERT INTO public.address_t (id, customer_id, city_id, country_id, street, postal_code) VALUES (23, 40, 3, 1, 'minya', '25665');
INSERT INTO public.address_t (id, customer_id, city_id, country_id, street, postal_code) VALUES (24, 34, 306, 1, 'banus', '44194');
INSERT INTO public.address_t (id, customer_id, city_id, country_id, street, postal_code) VALUES (25, 34, 275, 1, 'sad', 'dsa');
INSERT INTO public.address_t (id, customer_id, city_id, country_id, street, postal_code) VALUES (26, 31, 10, 1, 'banus', '44194');
INSERT INTO public.address_t (id, customer_id, city_id, country_id, street, postal_code) VALUES (27, 42, 354, 1, 'Zagazig', '12345');
INSERT INTO public.address_t (id, customer_id, city_id, country_id, street, postal_code) VALUES (28, 43, 3, 1, '', '');
INSERT INTO public.address_t (id, customer_id, city_id, country_id, street, postal_code) VALUES (29, 34, 274, 1, 'dsagfds', '56356');
INSERT INTO public.address_t (id, customer_id, city_id, country_id, street, postal_code) VALUES (30, 44, 7, 1, 'Qq', '123');
INSERT INTO public.address_t (id, customer_id, city_id, country_id, street, postal_code) VALUES (32, 39, 353, 1, 'university street', '4587288');
INSERT INTO public.address_t (id, customer_id, city_id, country_id, street, postal_code) VALUES (33, 46, 5, 1, 'ajfdkjf', 'dfdf');
INSERT INTO public.address_t (id, customer_id, city_id, country_id, street, postal_code) VALUES (34, 46, 13, 1, 'aggf', '123');
INSERT INTO public.address_t (id, customer_id, city_id, country_id, street, postal_code) VALUES (35, 34, 2, 1, 'banus', '44194');
INSERT INTO public.address_t (id, customer_id, city_id, country_id, street, postal_code) VALUES (36, 47, 361, 1, '10', '');
INSERT INTO public.address_t (id, customer_id, city_id, country_id, street, postal_code) VALUES (37, 49, 3, 1, '7 zz', '12311');
INSERT INTO public.address_t (id, customer_id, city_id, country_id, street, postal_code) VALUES (51, 39, 276, 1, 'zagazige ', '545445');
INSERT INTO public.address_t (id, customer_id, city_id, country_id, street, postal_code) VALUES (59, 50, 356, 1, 'New', '10001');
INSERT INTO public.address_t (id, customer_id, city_id, country_id, street, postal_code) VALUES (60, 1052, 387, 1, 'Amr ''bn Al''as from Omar ''bn Khatab - Faisal - Giza - Egypt', '4522');


--
-- Data for Name: category_t; Type: TABLE DATA; Schema: public; Owner: root
--

INSERT INTO public.category_t (category_name, id, image_url) VALUES ('Men''s Clothing', 1, 'https://res.cloudinary.com/dtldqbm5m/image/upload/v1701119376/Men_s_Clothing_yfryvv.jpg');
INSERT INTO public.category_t (category_name, id, image_url) VALUES ('Women''s Clothing', 4, 'https://res.cloudinary.com/dtldqbm5m/image/upload/v1701119377/Women_s_Clothing_i3fgrs.jpg');
INSERT INTO public.category_t (category_name, id, image_url) VALUES ('Electronics', 3, 'https://res.cloudinary.com/dtldqbm5m/image/upload/v1701119376/Electronics_sjdr1o.jpg');
INSERT INTO public.category_t (category_name, id, image_url) VALUES ('Jewelry', 2, 'https://res.cloudinary.com/dtldqbm5m/image/upload/v1701119376/Jewelry_woniez.jpg');


--
-- Data for Name: city_t; Type: TABLE DATA; Schema: public; Owner: root
--

INSERT INTO public.city_t (id, name, country_id) VALUES (5, 'Aswan', 1);
INSERT INTO public.city_t (id, name, country_id) VALUES (13, 'Damanhour', 1);
INSERT INTO public.city_t (id, name, country_id) VALUES (3, 'AlSharkia', 1);
INSERT INTO public.city_t (id, name, country_id) VALUES (7, 'Mansoura', 1);
INSERT INTO public.city_t (id, name, country_id) VALUES (4, 'Suez', 1);
INSERT INTO public.city_t (id, name, country_id) VALUES (6, 'Port Said', 1);
INSERT INTO public.city_t (id, name, country_id) VALUES (12, 'Damitta', 1);
INSERT INTO public.city_t (id, name, country_id) VALUES (2, 'Alexandria', 1);
INSERT INTO public.city_t (id, name, country_id) VALUES (16, 'Sinai', 1);
INSERT INTO public.city_t (id, name, country_id) VALUES (10, 'Fayyum', 1);
INSERT INTO public.city_t (id, name, country_id) VALUES (15, 'Qena', 1);
INSERT INTO public.city_t (id, name, country_id) VALUES (14, 'BeniSuif', 1);
INSERT INTO public.city_t (id, name, country_id) VALUES (8, 'Tanta', 1);
INSERT INTO public.city_t (id, name, country_id) VALUES (9, 'Ismailia', 1);
INSERT INTO public.city_t (id, name, country_id) VALUES (274, 'Tanda', 1);
INSERT INTO public.city_t (id, name, country_id) VALUES (275, 'Talā', 1);
INSERT INTO public.city_t (id, name, country_id) VALUES (276, 'Samālūţ', 1);
INSERT INTO public.city_t (id, name, country_id) VALUES (277, 'Ziftá', 1);
INSERT INTO public.city_t (id, name, country_id) VALUES (278, 'Sīdī Sālim', 1);
INSERT INTO public.city_t (id, name, country_id) VALUES (279, 'Sohag', 1);
INSERT INTO public.city_t (id, name, country_id) VALUES (280, 'Sumusţā as Sulţānī', 1);
INSERT INTO public.city_t (id, name, country_id) VALUES (281, 'Rafaḩ', 1);
INSERT INTO public.city_t (id, name, country_id) VALUES (282, 'Ras Gharib', 1);
INSERT INTO public.city_t (id, name, country_id) VALUES (283, 'Sharm el-Sheikh', 1);
INSERT INTO public.city_t (id, name, country_id) VALUES (284, 'Ţahţā', 1);
INSERT INTO public.city_t (id, name, country_id) VALUES (285, 'Shibīn al Qanāṭir', 1);
INSERT INTO public.city_t (id, name, country_id) VALUES (286, 'Ţalkhā', 1);
INSERT INTO public.city_t (id, name, country_id) VALUES (287, 'Toukh', 1);
INSERT INTO public.city_t (id, name, country_id) VALUES (288, 'Rosetta', 1);
INSERT INTO public.city_t (id, name, country_id) VALUES (289, 'Shibīn al Kawm', 1);
INSERT INTO public.city_t (id, name, country_id) VALUES (290, 'Siwa Oasis', 1);
INSERT INTO public.city_t (id, name, country_id) VALUES (291, 'Samannūd', 1);
INSERT INTO public.city_t (id, name, country_id) VALUES (292, 'Shirbīn', 1);
INSERT INTO public.city_t (id, name, country_id) VALUES (293, 'Ţāmiyah', 1);
INSERT INTO public.city_t (id, name, country_id) VALUES (294, 'Quwaysinā', 1);
INSERT INTO public.city_t (id, name, country_id) VALUES (295, 'Munūf', 1);
INSERT INTO public.city_t (id, name, country_id) VALUES (296, 'Nuwaybi‘a', 1);
INSERT INTO public.city_t (id, name, country_id) VALUES (297, 'Minyat an Naşr', 1);
INSERT INTO public.city_t (id, name, country_id) VALUES (298, 'Kousa', 1);
INSERT INTO public.city_t (id, name, country_id) VALUES (299, 'Mashtūl as Sūq', 1);
INSERT INTO public.city_t (id, name, country_id) VALUES (300, 'Manfalūţ', 1);
INSERT INTO public.city_t (id, name, country_id) VALUES (301, 'Qaşr al Farāfirah', 1);
INSERT INTO public.city_t (id, name, country_id) VALUES (302, 'Quţūr', 1);
INSERT INTO public.city_t (id, name, country_id) VALUES (303, 'Mersa Matruh', 1);
INSERT INTO public.city_t (id, name, country_id) VALUES (304, 'Madīnat Sittah Uktūbar', 1);
INSERT INTO public.city_t (id, name, country_id) VALUES (305, 'Mallawī', 1);
INSERT INTO public.city_t (id, name, country_id) VALUES (306, 'Qalyūb', 1);
INSERT INTO public.city_t (id, name, country_id) VALUES (307, 'Naja'' Ḥammādī', 1);
INSERT INTO public.city_t (id, name, country_id) VALUES (308, 'Qinā', 1);
INSERT INTO public.city_t (id, name, country_id) VALUES (309, 'Kawm Ḩamādah', 1);
INSERT INTO public.city_t (id, name, country_id) VALUES (310, 'Marsa Alam', 1);
INSERT INTO public.city_t (id, name, country_id) VALUES (311, 'Ash Shaykh Zuwayd', 1);
INSERT INTO public.city_t (id, name, country_id) VALUES (312, 'Maţāy', 1);
INSERT INTO public.city_t (id, name, country_id) VALUES (313, 'Kawm Umbū', 1);
INSERT INTO public.city_t (id, name, country_id) VALUES (314, 'Kafr ad Dawwār', 1);
INSERT INTO public.city_t (id, name, country_id) VALUES (315, 'Kafr ash Shaykh', 1);
INSERT INTO public.city_t (id, name, country_id) VALUES (316, 'Kafr Şaqr', 1);
INSERT INTO public.city_t (id, name, country_id) VALUES (317, 'Juhaynah', 1);
INSERT INTO public.city_t (id, name, country_id) VALUES (318, 'Kafr az Zayyāt', 1);
INSERT INTO public.city_t (id, name, country_id) VALUES (319, 'Idfū', 1);
INSERT INTO public.city_t (id, name, country_id) VALUES (320, 'Isnā', 1);
INSERT INTO public.city_t (id, name, country_id) VALUES (321, 'Ḩawsh ‘Īsá', 1);
INSERT INTO public.city_t (id, name, country_id) VALUES (322, 'Ibshawāy', 1);
INSERT INTO public.city_t (id, name, country_id) VALUES (323, 'Jirjā', 1);
INSERT INTO public.city_t (id, name, country_id) VALUES (324, 'Idkū', 1);
INSERT INTO public.city_t (id, name, country_id) VALUES (325, 'Ḩalwān', 1);
INSERT INTO public.city_t (id, name, country_id) VALUES (326, '‘Izbat al Burj', 1);
INSERT INTO public.city_t (id, name, country_id) VALUES (327, 'Hihyā', 1);
INSERT INTO public.city_t (id, name, country_id) VALUES (328, 'Iţsā', 1);
INSERT INTO public.city_t (id, name, country_id) VALUES (329, 'Farshūţ', 1);
INSERT INTO public.city_t (id, name, country_id) VALUES (330, 'Fuwwah', 1);
INSERT INTO public.city_t (id, name, country_id) VALUES (331, 'Fāqūs', 1);
INSERT INTO public.city_t (id, name, country_id) VALUES (332, 'Fāraskūr', 1);
INSERT INTO public.city_t (id, name, country_id) VALUES (333, 'Damietta', 1);
INSERT INTO public.city_t (id, name, country_id) VALUES (334, 'Diyarb Najm', 1);
INSERT INTO public.city_t (id, name, country_id) VALUES (336, 'Dikirnis', 1);
INSERT INTO public.city_t (id, name, country_id) VALUES (337, 'Dishnā', 1);
INSERT INTO public.city_t (id, name, country_id) VALUES (338, 'Dahab', 1);
INSERT INTO public.city_t (id, name, country_id) VALUES (339, 'Basyūn', 1);
INSERT INTO public.city_t (id, name, country_id) VALUES (340, 'Disūq', 1);
INSERT INTO public.city_t (id, name, country_id) VALUES (341, 'Dayrūţ', 1);
INSERT INTO public.city_t (id, name, country_id) VALUES (342, 'Būsh', 1);
INSERT INTO public.city_t (id, name, country_id) VALUES (343, 'Bilbays', 1);
INSERT INTO public.city_t (id, name, country_id) VALUES (344, 'Damanhūr', 1);
INSERT INTO public.city_t (id, name, country_id) VALUES (345, 'Banī Suwayf', 1);
INSERT INTO public.city_t (id, name, country_id) VALUES (346, 'Safaga', 1);
INSERT INTO public.city_t (id, name, country_id) VALUES (347, 'Bilqās', 1);
INSERT INTO public.city_t (id, name, country_id) VALUES (348, 'El-Tor', 1);
INSERT INTO public.city_t (id, name, country_id) VALUES (349, 'Banhā', 1);
INSERT INTO public.city_t (id, name, country_id) VALUES (350, 'Awsīm', 1);
INSERT INTO public.city_t (id, name, country_id) VALUES (351, 'Banī Mazār', 1);
INSERT INTO public.city_t (id, name, country_id) VALUES (352, 'Dayr Mawās', 1);
INSERT INTO public.city_t (id, name, country_id) VALUES (353, 'Zagazig', 1);
INSERT INTO public.city_t (id, name, country_id) VALUES (354, 'Asyūţ', 1);
INSERT INTO public.city_t (id, name, country_id) VALUES (356, 'Luxor', 1);
INSERT INTO public.city_t (id, name, country_id) VALUES (357, 'Al Wāsiţah', 1);
INSERT INTO public.city_t (id, name, country_id) VALUES (358, 'Al Manzalah', 1);
INSERT INTO public.city_t (id, name, country_id) VALUES (360, 'Al Minyā', 1);
INSERT INTO public.city_t (id, name, country_id) VALUES (361, 'Cairo', 1);
INSERT INTO public.city_t (id, name, country_id) VALUES (362, 'Aş Şaff', 1);
INSERT INTO public.city_t (id, name, country_id) VALUES (363, 'Al Manshāh', 1);
INSERT INTO public.city_t (id, name, country_id) VALUES (364, 'Al Qanāţir al Khayrīyah', 1);
INSERT INTO public.city_t (id, name, country_id) VALUES (365, 'Ashmūn', 1);
INSERT INTO public.city_t (id, name, country_id) VALUES (366, 'Al Manşūrah', 1);
INSERT INTO public.city_t (id, name, country_id) VALUES (367, 'At Tall al Kabīr', 1);
INSERT INTO public.city_t (id, name, country_id) VALUES (368, 'Al Quşayr', 1);
INSERT INTO public.city_t (id, name, country_id) VALUES (369, 'Al Qurayn', 1);
INSERT INTO public.city_t (id, name, country_id) VALUES (370, 'Al Qūşīyah', 1);
INSERT INTO public.city_t (id, name, country_id) VALUES (371, 'Al Maţarīyah', 1);
INSERT INTO public.city_t (id, name, country_id) VALUES (372, 'Ash Shuhadā’', 1);
INSERT INTO public.city_t (id, name, country_id) VALUES (373, 'Al Qanāyāt', 1);
INSERT INTO public.city_t (id, name, country_id) VALUES (382, 'Al Khārijah', 1);
INSERT INTO public.city_t (id, name, country_id) VALUES (383, 'Al Ibrāhīmīyah', 1);
INSERT INTO public.city_t (id, name, country_id) VALUES (384, 'Al Khānkah', 1);
INSERT INTO public.city_t (id, name, country_id) VALUES (385, 'Al Maḩallah al Kubrá', 1);
INSERT INTO public.city_t (id, name, country_id) VALUES (386, 'Al Jammālīyah', 1);
INSERT INTO public.city_t (id, name, country_id) VALUES (387, 'Giza', 1);
INSERT INTO public.city_t (id, name, country_id) VALUES (388, 'Al Fashn', 1);
INSERT INTO public.city_t (id, name, country_id) VALUES (391, 'Al Bājūr', 1);
INSERT INTO public.city_t (id, name, country_id) VALUES (392, 'Al Balyanā', 1);
INSERT INTO public.city_t (id, name, country_id) VALUES (393, 'Al Bawīţī', 1);
INSERT INTO public.city_t (id, name, country_id) VALUES (394, 'Al Ḩawāmidīyah', 1);
INSERT INTO public.city_t (id, name, country_id) VALUES (395, 'Al ‘Alamayn', 1);
INSERT INTO public.city_t (id, name, country_id) VALUES (396, 'Al Ḩāmūl', 1);
INSERT INTO public.city_t (id, name, country_id) VALUES (397, 'Arish', 1);
INSERT INTO public.city_t (id, name, country_id) VALUES (398, 'Al Fayyūm', 1);
INSERT INTO public.city_t (id, name, country_id) VALUES (399, 'Al ‘Ayyāţ', 1);
INSERT INTO public.city_t (id, name, country_id) VALUES (400, 'Hurghada', 1);
INSERT INTO public.city_t (id, name, country_id) VALUES (401, 'Al Badārī', 1);
INSERT INTO public.city_t (id, name, country_id) VALUES (402, 'Akhmīm', 1);
INSERT INTO public.city_t (id, name, country_id) VALUES (403, 'Az Zarqā', 1);
INSERT INTO public.city_t (id, name, country_id) VALUES (404, 'Bi’r al ‘Abd', 1);
INSERT INTO public.city_t (id, name, country_id) VALUES (405, 'Abū Kabīr', 1);
INSERT INTO public.city_t (id, name, country_id) VALUES (406, 'Saint Catherine', 1);
INSERT INTO public.city_t (id, name, country_id) VALUES (407, 'Ad Dilinjāt', 1);
INSERT INTO public.city_t (id, name, country_id) VALUES (408, 'Abū Qurqāş', 1);
INSERT INTO public.city_t (id, name, country_id) VALUES (409, 'Ajā', 1);
INSERT INTO public.city_t (id, name, country_id) VALUES (410, 'Abu Simbel', 1);
INSERT INTO public.city_t (id, name, country_id) VALUES (411, 'Munshāt ‘Alī Āghā', 1);
INSERT INTO public.city_t (id, name, country_id) VALUES (412, 'Ain Sukhna', 1);
INSERT INTO public.city_t (id, name, country_id) VALUES (413, 'Makadi Bay', 1);
INSERT INTO public.city_t (id, name, country_id) VALUES (414, 'New Cairo', 1);
INSERT INTO public.city_t (id, name, country_id) VALUES (415, 'Abū Tīj', 1);
INSERT INTO public.city_t (id, name, country_id) VALUES (416, 'Beheira', 1);
INSERT INTO public.city_t (id, name, country_id) VALUES (417, 'Abū al Maţāmīr', 1);
INSERT INTO public.city_t (id, name, country_id) VALUES (418, 'Abnūb', 1);
INSERT INTO public.city_t (id, name, country_id) VALUES (419, 'El Gouna', 1);


--
-- Data for Name: country_t; Type: TABLE DATA; Schema: public; Owner: root
--

INSERT INTO public.country_t (id, name) VALUES (1, 'Egypt');


--
-- Data for Name: order_item_t; Type: TABLE DATA; Schema: public; Owner: root
--

INSERT INTO public.order_item_t (id, order_id, quantity, product_id) VALUES (111, 66, 1, 36);
INSERT INTO public.order_item_t (id, order_id, quantity, product_id) VALUES (112, 66, 5, 16);
INSERT INTO public.order_item_t (id, order_id, quantity, product_id) VALUES (113, 66, 3, 19);
INSERT INTO public.order_item_t (id, order_id, quantity, product_id) VALUES (114, 66, 6, 2);
INSERT INTO public.order_item_t (id, order_id, quantity, product_id) VALUES (115, 67, 1, 15);
INSERT INTO public.order_item_t (id, order_id, quantity, product_id) VALUES (116, 67, 5, 13);
INSERT INTO public.order_item_t (id, order_id, quantity, product_id) VALUES (117, 67, 3, 12);
INSERT INTO public.order_item_t (id, order_id, quantity, product_id) VALUES (118, 67, 6, 1);
INSERT INTO public.order_item_t (id, order_id, quantity, product_id) VALUES (119, 68, 1, 15);
INSERT INTO public.order_item_t (id, order_id, quantity, product_id) VALUES (120, 68, 5, 13);
INSERT INTO public.order_item_t (id, order_id, quantity, product_id) VALUES (121, 68, 3, 12);
INSERT INTO public.order_item_t (id, order_id, quantity, product_id) VALUES (122, 68, 6, 1);
INSERT INTO public.order_item_t (id, order_id, quantity, product_id) VALUES (123, 69, 1, 15);
INSERT INTO public.order_item_t (id, order_id, quantity, product_id) VALUES (124, 69, 5, 13);
INSERT INTO public.order_item_t (id, order_id, quantity, product_id) VALUES (125, 69, 3, 12);
INSERT INTO public.order_item_t (id, order_id, quantity, product_id) VALUES (126, 69, 6, 1);
INSERT INTO public.order_item_t (id, order_id, quantity, product_id) VALUES (83, 58, 3, 1);
INSERT INTO public.order_item_t (id, order_id, quantity, product_id) VALUES (84, 58, 5, 2);
INSERT INTO public.order_item_t (id, order_id, quantity, product_id) VALUES (85, 58, 3, 10);
INSERT INTO public.order_item_t (id, order_id, quantity, product_id) VALUES (86, 58, 6, 15);
INSERT INTO public.order_item_t (id, order_id, quantity, product_id) VALUES (87, 59, 3, 1);
INSERT INTO public.order_item_t (id, order_id, quantity, product_id) VALUES (88, 59, 5, 2);
INSERT INTO public.order_item_t (id, order_id, quantity, product_id) VALUES (89, 59, 3, 10);
INSERT INTO public.order_item_t (id, order_id, quantity, product_id) VALUES (90, 59, 6, 15);
INSERT INTO public.order_item_t (id, order_id, quantity, product_id) VALUES (91, 61, 3, 36);
INSERT INTO public.order_item_t (id, order_id, quantity, product_id) VALUES (92, 61, 5, 2);
INSERT INTO public.order_item_t (id, order_id, quantity, product_id) VALUES (93, 61, 3, 10);
INSERT INTO public.order_item_t (id, order_id, quantity, product_id) VALUES (94, 61, 6, 20);
INSERT INTO public.order_item_t (id, order_id, quantity, product_id) VALUES (95, 62, 3, 36);
INSERT INTO public.order_item_t (id, order_id, quantity, product_id) VALUES (96, 62, 5, 2);
INSERT INTO public.order_item_t (id, order_id, quantity, product_id) VALUES (97, 62, 3, 10);
INSERT INTO public.order_item_t (id, order_id, quantity, product_id) VALUES (98, 62, 6, 20);
INSERT INTO public.order_item_t (id, order_id, quantity, product_id) VALUES (99, 63, 3, 36);
INSERT INTO public.order_item_t (id, order_id, quantity, product_id) VALUES (100, 63, 5, 2);
INSERT INTO public.order_item_t (id, order_id, quantity, product_id) VALUES (101, 63, 3, 10);
INSERT INTO public.order_item_t (id, order_id, quantity, product_id) VALUES (102, 63, 6, 20);
INSERT INTO public.order_item_t (id, order_id, quantity, product_id) VALUES (103, 64, 3, 36);
INSERT INTO public.order_item_t (id, order_id, quantity, product_id) VALUES (104, 64, 5, 2);
INSERT INTO public.order_item_t (id, order_id, quantity, product_id) VALUES (105, 64, 3, 10);
INSERT INTO public.order_item_t (id, order_id, quantity, product_id) VALUES (106, 64, 6, 20);
INSERT INTO public.order_item_t (id, order_id, quantity, product_id) VALUES (107, 65, 3, 36);
INSERT INTO public.order_item_t (id, order_id, quantity, product_id) VALUES (108, 65, 5, 2);
INSERT INTO public.order_item_t (id, order_id, quantity, product_id) VALUES (109, 65, 3, 10);
INSERT INTO public.order_item_t (id, order_id, quantity, product_id) VALUES (110, 65, 6, 20);
INSERT INTO public.order_item_t (id, order_id, quantity, product_id) VALUES (127, 70, 1, 15);
INSERT INTO public.order_item_t (id, order_id, quantity, product_id) VALUES (128, 70, 5, 13);
INSERT INTO public.order_item_t (id, order_id, quantity, product_id) VALUES (129, 70, 3, 12);
INSERT INTO public.order_item_t (id, order_id, quantity, product_id) VALUES (130, 70, 6, 1);
INSERT INTO public.order_item_t (id, order_id, quantity, product_id) VALUES (131, 71, 1, 14);
INSERT INTO public.order_item_t (id, order_id, quantity, product_id) VALUES (132, 71, 1, 20);
INSERT INTO public.order_item_t (id, order_id, quantity, product_id) VALUES (133, 71, 1, 35);
INSERT INTO public.order_item_t (id, order_id, quantity, product_id) VALUES (134, 72, 2, 18);
INSERT INTO public.order_item_t (id, order_id, quantity, product_id) VALUES (135, 72, 2, 5);
INSERT INTO public.order_item_t (id, order_id, quantity, product_id) VALUES (136, 72, 2, 17);
INSERT INTO public.order_item_t (id, order_id, quantity, product_id) VALUES (137, 72, 2, 7);
INSERT INTO public.order_item_t (id, order_id, quantity, product_id) VALUES (138, 72, 2, 15);
INSERT INTO public.order_item_t (id, order_id, quantity, product_id) VALUES (139, 75, 2, 18);
INSERT INTO public.order_item_t (id, order_id, quantity, product_id) VALUES (140, 76, 2, 18);
INSERT INTO public.order_item_t (id, order_id, quantity, product_id) VALUES (141, 76, 1, 20);
INSERT INTO public.order_item_t (id, order_id, quantity, product_id) VALUES (142, 76, 2, 12);
INSERT INTO public.order_item_t (id, order_id, quantity, product_id) VALUES (143, 77, 1, 1);
INSERT INTO public.order_item_t (id, order_id, quantity, product_id) VALUES (144, 78, 1, 36);
INSERT INTO public.order_item_t (id, order_id, quantity, product_id) VALUES (145, 79, 1, 18);
INSERT INTO public.order_item_t (id, order_id, quantity, product_id) VALUES (146, 79, 2, 2);
INSERT INTO public.order_item_t (id, order_id, quantity, product_id) VALUES (147, 79, 3, 16);
INSERT INTO public.order_item_t (id, order_id, quantity, product_id) VALUES (148, 80, 1, 16);
INSERT INTO public.order_item_t (id, order_id, quantity, product_id) VALUES (149, 80, 2, 12);
INSERT INTO public.order_item_t (id, order_id, quantity, product_id) VALUES (150, 81, 1, 16);
INSERT INTO public.order_item_t (id, order_id, quantity, product_id) VALUES (151, 81, 1, 18);
INSERT INTO public.order_item_t (id, order_id, quantity, product_id) VALUES (152, 81, 1, 15);
INSERT INTO public.order_item_t (id, order_id, quantity, product_id) VALUES (153, 81, 1, 6);
INSERT INTO public.order_item_t (id, order_id, quantity, product_id) VALUES (154, 81, 1, 7);
INSERT INTO public.order_item_t (id, order_id, quantity, product_id) VALUES (155, 82, 3, 14);
INSERT INTO public.order_item_t (id, order_id, quantity, product_id) VALUES (156, 82, 2, 11);
INSERT INTO public.order_item_t (id, order_id, quantity, product_id) VALUES (157, 82, 2, 9);
INSERT INTO public.order_item_t (id, order_id, quantity, product_id) VALUES (158, 83, 1, 17);
INSERT INTO public.order_item_t (id, order_id, quantity, product_id) VALUES (159, 84, 1, 32);
INSERT INTO public.order_item_t (id, order_id, quantity, product_id) VALUES (160, 84, 1, 3);
INSERT INTO public.order_item_t (id, order_id, quantity, product_id) VALUES (161, 85, 1, 12);
INSERT INTO public.order_item_t (id, order_id, quantity, product_id) VALUES (162, 86, 3, 16);
INSERT INTO public.order_item_t (id, order_id, quantity, product_id) VALUES (163, 86, 2, 14);
INSERT INTO public.order_item_t (id, order_id, quantity, product_id) VALUES (164, 87, 1, 16);
INSERT INTO public.order_item_t (id, order_id, quantity, product_id) VALUES (165, 87, 1, 7);
INSERT INTO public.order_item_t (id, order_id, quantity, product_id) VALUES (166, 87, 1, 17);
INSERT INTO public.order_item_t (id, order_id, quantity, product_id) VALUES (167, 88, 2, 7);
INSERT INTO public.order_item_t (id, order_id, quantity, product_id) VALUES (168, 88, 1, 17);
INSERT INTO public.order_item_t (id, order_id, quantity, product_id) VALUES (169, 89, 2, 7);
INSERT INTO public.order_item_t (id, order_id, quantity, product_id) VALUES (170, 89, 1, 17);
INSERT INTO public.order_item_t (id, order_id, quantity, product_id) VALUES (171, 90, 1, 60);
INSERT INTO public.order_item_t (id, order_id, quantity, product_id) VALUES (172, 91, 6, 17);
INSERT INTO public.order_item_t (id, order_id, quantity, product_id) VALUES (173, 92, 2, 2);
INSERT INTO public.order_item_t (id, order_id, quantity, product_id) VALUES (174, 92, 2, 33);
INSERT INTO public.order_item_t (id, order_id, quantity, product_id) VALUES (175, 93, 1, 2);
INSERT INTO public.order_item_t (id, order_id, quantity, product_id) VALUES (176, 93, 1, 7);
INSERT INTO public.order_item_t (id, order_id, quantity, product_id) VALUES (177, 93, 1, 18);
INSERT INTO public.order_item_t (id, order_id, quantity, product_id) VALUES (178, 93, 1, 17);
INSERT INTO public.order_item_t (id, order_id, quantity, product_id) VALUES (179, 93, 1, 35);
INSERT INTO public.order_item_t (id, order_id, quantity, product_id) VALUES (180, 93, 1, 12);
INSERT INTO public.order_item_t (id, order_id, quantity, product_id) VALUES (181, 94, 1, 2);
INSERT INTO public.order_item_t (id, order_id, quantity, product_id) VALUES (182, 94, 1, 7);
INSERT INTO public.order_item_t (id, order_id, quantity, product_id) VALUES (183, 94, 1, 16);
INSERT INTO public.order_item_t (id, order_id, quantity, product_id) VALUES (184, 94, 2, 33);
INSERT INTO public.order_item_t (id, order_id, quantity, product_id) VALUES (185, 94, 7, 17);
INSERT INTO public.order_item_t (id, order_id, quantity, product_id) VALUES (186, 97, 4, 2);
INSERT INTO public.order_item_t (id, order_id, quantity, product_id) VALUES (187, 99, 1, 33);
INSERT INTO public.order_item_t (id, order_id, quantity, product_id) VALUES (188, 99, 1, 19);
INSERT INTO public.order_item_t (id, order_id, quantity, product_id) VALUES (189, 99, 1, 9);
INSERT INTO public.order_item_t (id, order_id, quantity, product_id) VALUES (190, 100, 1, 2);
INSERT INTO public.order_item_t (id, order_id, quantity, product_id) VALUES (191, 100, 1, 14);
INSERT INTO public.order_item_t (id, order_id, quantity, product_id) VALUES (192, 101, 1, 2);
INSERT INTO public.order_item_t (id, order_id, quantity, product_id) VALUES (193, 101, 1, 14);
INSERT INTO public.order_item_t (id, order_id, quantity, product_id) VALUES (194, 101, 1, 17);
INSERT INTO public.order_item_t (id, order_id, quantity, product_id) VALUES (195, 101, 1, 13);
INSERT INTO public.order_item_t (id, order_id, quantity, product_id) VALUES (196, 101, 1, 16);
INSERT INTO public.order_item_t (id, order_id, quantity, product_id) VALUES (197, 101, 1, 35);
INSERT INTO public.order_item_t (id, order_id, quantity, product_id) VALUES (198, 101, 1, 7);
INSERT INTO public.order_item_t (id, order_id, quantity, product_id) VALUES (199, 102, 1, 17);
INSERT INTO public.order_item_t (id, order_id, quantity, product_id) VALUES (200, 102, 1, 13);
INSERT INTO public.order_item_t (id, order_id, quantity, product_id) VALUES (201, 102, 1, 35);
INSERT INTO public.order_item_t (id, order_id, quantity, product_id) VALUES (202, 102, 1, 20);
INSERT INTO public.order_item_t (id, order_id, quantity, product_id) VALUES (203, 102, 1, 7);
INSERT INTO public.order_item_t (id, order_id, quantity, product_id) VALUES (204, 102, 1, 14);
INSERT INTO public.order_item_t (id, order_id, quantity, product_id) VALUES (205, 103, 2, 20);
INSERT INTO public.order_item_t (id, order_id, quantity, product_id) VALUES (206, 103, 2, 14);
INSERT INTO public.order_item_t (id, order_id, quantity, product_id) VALUES (207, 103, 2, 2);
INSERT INTO public.order_item_t (id, order_id, quantity, product_id) VALUES (208, 104, 2, 20);
INSERT INTO public.order_item_t (id, order_id, quantity, product_id) VALUES (209, 104, 2, 14);
INSERT INTO public.order_item_t (id, order_id, quantity, product_id) VALUES (210, 104, 3, 2);
INSERT INTO public.order_item_t (id, order_id, quantity, product_id) VALUES (211, 104, 1, 35);
INSERT INTO public.order_item_t (id, order_id, quantity, product_id) VALUES (212, 104, 1, 16);
INSERT INTO public.order_item_t (id, order_id, quantity, product_id) VALUES (213, 104, 1, 7);
INSERT INTO public.order_item_t (id, order_id, quantity, product_id) VALUES (214, 104, 1, 17);
INSERT INTO public.order_item_t (id, order_id, quantity, product_id) VALUES (215, 105, 1, 5);
INSERT INTO public.order_item_t (id, order_id, quantity, product_id) VALUES (216, 105, 1, 8);
INSERT INTO public.order_item_t (id, order_id, quantity, product_id) VALUES (217, 105, 1, 35);
INSERT INTO public.order_item_t (id, order_id, quantity, product_id) VALUES (218, 105, 1, 20);
INSERT INTO public.order_item_t (id, order_id, quantity, product_id) VALUES (219, 106, 1, 5);
INSERT INTO public.order_item_t (id, order_id, quantity, product_id) VALUES (220, 106, 1, 8);
INSERT INTO public.order_item_t (id, order_id, quantity, product_id) VALUES (221, 106, 1, 20);
INSERT INTO public.order_item_t (id, order_id, quantity, product_id) VALUES (222, 106, 1, 16);
INSERT INTO public.order_item_t (id, order_id, quantity, product_id) VALUES (223, 106, 1, 14);
INSERT INTO public.order_item_t (id, order_id, quantity, product_id) VALUES (224, 108, 1, 20);
INSERT INTO public.order_item_t (id, order_id, quantity, product_id) VALUES (225, 109, 3, 14);
INSERT INTO public.order_item_t (id, order_id, quantity, product_id) VALUES (229, 114, 1, 1);
INSERT INTO public.order_item_t (id, order_id, quantity, product_id) VALUES (230, 114, 3, 4);
INSERT INTO public.order_item_t (id, order_id, quantity, product_id) VALUES (231, 115, 6, 16);
INSERT INTO public.order_item_t (id, order_id, quantity, product_id) VALUES (232, 115, 1, 20);
INSERT INTO public.order_item_t (id, order_id, quantity, product_id) VALUES (233, 115, 1, 15);
INSERT INTO public.order_item_t (id, order_id, quantity, product_id) VALUES (234, 115, 1, 19);
INSERT INTO public.order_item_t (id, order_id, quantity, product_id) VALUES (235, 116, 2, 5);
INSERT INTO public.order_item_t (id, order_id, quantity, product_id) VALUES (236, 117, 1, 60);
INSERT INTO public.order_item_t (id, order_id, quantity, product_id) VALUES (237, 117, 2, 14);
INSERT INTO public.order_item_t (id, order_id, quantity, product_id) VALUES (238, 117, 1, 6);
INSERT INTO public.order_item_t (id, order_id, quantity, product_id) VALUES (239, 117, 1, 20);
INSERT INTO public.order_item_t (id, order_id, quantity, product_id) VALUES (240, 117, 1, 35);
INSERT INTO public.order_item_t (id, order_id, quantity, product_id) VALUES (241, 118, 1, 14);
INSERT INTO public.order_item_t (id, order_id, quantity, product_id) VALUES (242, 118, 1, 12);
INSERT INTO public.order_item_t (id, order_id, quantity, product_id) VALUES (243, 118, 1, 60);
INSERT INTO public.order_item_t (id, order_id, quantity, product_id) VALUES (244, 119, 11, 2);
INSERT INTO public.order_item_t (id, order_id, quantity, product_id) VALUES (245, 120, 61, 12);
INSERT INTO public.order_item_t (id, order_id, quantity, product_id) VALUES (246, 121, 2, 4);
INSERT INTO public.order_item_t (id, order_id, quantity, product_id) VALUES (247, 121, 2, 3);
INSERT INTO public.order_item_t (id, order_id, quantity, product_id) VALUES (248, 121, 1, 32);
INSERT INTO public.order_item_t (id, order_id, quantity, product_id) VALUES (249, 121, 1, 2);
INSERT INTO public.order_item_t (id, order_id, quantity, product_id) VALUES (250, 122, 1, 5);
INSERT INTO public.order_item_t (id, order_id, quantity, product_id) VALUES (251, 122, 1, 35);
INSERT INTO public.order_item_t (id, order_id, quantity, product_id) VALUES (252, 122, 1, 17);
INSERT INTO public.order_item_t (id, order_id, quantity, product_id) VALUES (253, 122, 1, 2);
INSERT INTO public.order_item_t (id, order_id, quantity, product_id) VALUES (254, 123, 1, 5);
INSERT INTO public.order_item_t (id, order_id, quantity, product_id) VALUES (255, 123, 1, 8);
INSERT INTO public.order_item_t (id, order_id, quantity, product_id) VALUES (256, 123, 1, 35);
INSERT INTO public.order_item_t (id, order_id, quantity, product_id) VALUES (257, 123, 1, 20);
INSERT INTO public.order_item_t (id, order_id, quantity, product_id) VALUES (258, 124, 41, 2);
INSERT INTO public.order_item_t (id, order_id, quantity, product_id) VALUES (259, 125, 1, 1);
INSERT INTO public.order_item_t (id, order_id, quantity, product_id) VALUES (260, 125, 1, 2);
INSERT INTO public.order_item_t (id, order_id, quantity, product_id) VALUES (261, 125, 1, 4);
INSERT INTO public.order_item_t (id, order_id, quantity, product_id) VALUES (262, 125, 1, 3);
INSERT INTO public.order_item_t (id, order_id, quantity, product_id) VALUES (263, 126, 1, 2);
INSERT INTO public.order_item_t (id, order_id, quantity, product_id) VALUES (264, 126, 1, 5);
INSERT INTO public.order_item_t (id, order_id, quantity, product_id) VALUES (265, 126, 2, 17);
INSERT INTO public.order_item_t (id, order_id, quantity, product_id) VALUES (266, 126, 1, 6);
INSERT INTO public.order_item_t (id, order_id, quantity, product_id) VALUES (267, 127, 1, 6);
INSERT INTO public.order_item_t (id, order_id, quantity, product_id) VALUES (268, 127, 1, 8);
INSERT INTO public.order_item_t (id, order_id, quantity, product_id) VALUES (269, 127, 1, 17);
INSERT INTO public.order_item_t (id, order_id, quantity, product_id) VALUES (270, 127, 1, 35);
INSERT INTO public.order_item_t (id, order_id, quantity, product_id) VALUES (271, 127, 1, 2);
INSERT INTO public.order_item_t (id, order_id, quantity, product_id) VALUES (272, 128, 1, 36);
INSERT INTO public.order_item_t (id, order_id, quantity, product_id) VALUES (273, 128, 1, 60);
INSERT INTO public.order_item_t (id, order_id, quantity, product_id) VALUES (274, 128, 1, 35);
INSERT INTO public.order_item_t (id, order_id, quantity, product_id) VALUES (275, 128, 1, 19);
INSERT INTO public.order_item_t (id, order_id, quantity, product_id) VALUES (276, 129, 1, 17);
INSERT INTO public.order_item_t (id, order_id, quantity, product_id) VALUES (277, 129, 1, 2);
INSERT INTO public.order_item_t (id, order_id, quantity, product_id) VALUES (278, 129, 1, 6);
INSERT INTO public.order_item_t (id, order_id, quantity, product_id) VALUES (279, 129, 1, 20);
INSERT INTO public.order_item_t (id, order_id, quantity, product_id) VALUES (280, 129, 1, 7);
INSERT INTO public.order_item_t (id, order_id, quantity, product_id) VALUES (281, 130, 1, 2);
INSERT INTO public.order_item_t (id, order_id, quantity, product_id) VALUES (282, 130, 1, 6);
INSERT INTO public.order_item_t (id, order_id, quantity, product_id) VALUES (283, 130, 1, 20);
INSERT INTO public.order_item_t (id, order_id, quantity, product_id) VALUES (284, 130, 1, 17);
INSERT INTO public.order_item_t (id, order_id, quantity, product_id) VALUES (285, 130, 1, 7);
INSERT INTO public.order_item_t (id, order_id, quantity, product_id) VALUES (286, 131, 1, 20);
INSERT INTO public.order_item_t (id, order_id, quantity, product_id) VALUES (287, 131, 1, 17);
INSERT INTO public.order_item_t (id, order_id, quantity, product_id) VALUES (288, 131, 1, 15);
INSERT INTO public.order_item_t (id, order_id, quantity, product_id) VALUES (289, 131, 1, 19);
INSERT INTO public.order_item_t (id, order_id, quantity, product_id) VALUES (290, 132, 1, 60);
INSERT INTO public.order_item_t (id, order_id, quantity, product_id) VALUES (291, 133, 1, 20);
INSERT INTO public.order_item_t (id, order_id, quantity, product_id) VALUES (292, 133, 1, 17);
INSERT INTO public.order_item_t (id, order_id, quantity, product_id) VALUES (293, 133, 1, 7);
INSERT INTO public.order_item_t (id, order_id, quantity, product_id) VALUES (294, 134, 6, 2);
INSERT INTO public.order_item_t (id, order_id, quantity, product_id) VALUES (295, 134, 1, 3);
INSERT INTO public.order_item_t (id, order_id, quantity, product_id) VALUES (296, 134, 1, 4);
INSERT INTO public.order_item_t (id, order_id, quantity, product_id) VALUES (297, 134, 2, 1);
INSERT INTO public.order_item_t (id, order_id, quantity, product_id) VALUES (298, 134, 1, 5);
INSERT INTO public.order_item_t (id, order_id, quantity, product_id) VALUES (299, 134, 1, 7);
INSERT INTO public.order_item_t (id, order_id, quantity, product_id) VALUES (300, 134, 9, 20);
INSERT INTO public.order_item_t (id, order_id, quantity, product_id) VALUES (301, 134, 18, 36);
INSERT INTO public.order_item_t (id, order_id, quantity, product_id) VALUES (302, 134, 1, 17);
INSERT INTO public.order_item_t (id, order_id, quantity, product_id) VALUES (303, 135, 1, 2);
INSERT INTO public.order_item_t (id, order_id, quantity, product_id) VALUES (304, 135, 1, 20);
INSERT INTO public.order_item_t (id, order_id, quantity, product_id) VALUES (305, 135, 1, 14);
INSERT INTO public.order_item_t (id, order_id, quantity, product_id) VALUES (306, 135, 1, 35);
INSERT INTO public.order_item_t (id, order_id, quantity, product_id) VALUES (307, 135, 1, 10);
INSERT INTO public.order_item_t (id, order_id, quantity, product_id) VALUES (308, 135, 1, 6);


--
-- Data for Name: order_t; Type: TABLE DATA; Schema: public; Owner: root
--

INSERT INTO public.order_t (id, customer_id, order_date, arrival_date, address_id, order_status) VALUES (132, 1052, '2023-12-28 21:18:49.73', NULL, 60, 'CANCELLED');
INSERT INTO public.order_t (id, customer_id, order_date, arrival_date, address_id, order_status) VALUES (80, 34, '2023-12-15 14:03:21.16', NULL, 19, 'CANCELLED');
INSERT INTO public.order_t (id, customer_id, order_date, arrival_date, address_id, order_status) VALUES (58, 2, '2023-12-13 16:41:30.88', NULL, 1, 'CANCELLED');
INSERT INTO public.order_t (id, customer_id, order_date, arrival_date, address_id, order_status) VALUES (65, 2, '2023-12-13 22:09:29.99', '2023-12-15 12:19:56.9287', 1, 'COMPLETED');
INSERT INTO public.order_t (id, customer_id, order_date, arrival_date, address_id, order_status) VALUES (63, 2, '2023-12-13 22:09:26.29', NULL, 1, 'CANCELLED');
INSERT INTO public.order_t (id, customer_id, order_date, arrival_date, address_id, order_status) VALUES (59, 2, '2023-12-13 16:42:49.92', '2023-12-13 16:43:13.254419', 1, 'COMPLETED');
INSERT INTO public.order_t (id, customer_id, order_date, arrival_date, address_id, order_status) VALUES (81, 39, '2023-12-15 13:26:52.17', NULL, 22, 'CANCELLED');
INSERT INTO public.order_t (id, customer_id, order_date, arrival_date, address_id, order_status) VALUES (82, 34, '2023-12-15 13:47:26.7', NULL, 19, 'CANCELLED');
INSERT INTO public.order_t (id, customer_id, order_date, arrival_date, address_id, order_status) VALUES (61, 2, '2023-12-13 16:44:26', '2023-12-13 22:12:57.96166', 1, 'COMPLETED');
INSERT INTO public.order_t (id, customer_id, order_date, arrival_date, address_id, order_status) VALUES (108, 44, '2023-12-25 12:54:51.88', '2023-12-26 06:21:41.795905', 30, 'COMPLETED');
INSERT INTO public.order_t (id, customer_id, order_date, arrival_date, address_id, order_status) VALUES (100, 43, '2023-12-22 09:33:24.09', '2023-12-22 11:46:12.752868', 28, 'COMPLETED');
INSERT INTO public.order_t (id, customer_id, order_date, arrival_date, address_id, order_status) VALUES (83, 39, '2023-12-15 15:49:51.87', '2023-12-15 16:47:51.836146', 22, 'COMPLETED');
INSERT INTO public.order_t (id, customer_id, order_date, arrival_date, address_id, order_status) VALUES (62, 2, '2023-12-13 22:09:23.48', '2023-12-13 22:10:11.795987', 1, 'COMPLETED');
INSERT INTO public.order_t (id, customer_id, order_date, arrival_date, address_id, order_status) VALUES (123, 34, '2023-12-26 07:25:43.25', NULL, 19, 'PENDING');
INSERT INTO public.order_t (id, customer_id, order_date, arrival_date, address_id, order_status) VALUES (97, 42, '2023-12-21 17:33:02.87', '2023-12-22 11:46:23.941394', 27, 'COMPLETED');
INSERT INTO public.order_t (id, customer_id, order_date, arrival_date, address_id, order_status) VALUES (66, 34, '2023-12-14 18:14:53.28', '2023-12-17 17:47:16.639001', 1, 'COMPLETED');
INSERT INTO public.order_t (id, customer_id, order_date, arrival_date, address_id, order_status) VALUES (64, 2, '2023-12-13 22:09:28.2', '2023-12-14 17:35:54.987897', 1, 'COMPLETED');
INSERT INTO public.order_t (id, customer_id, order_date, arrival_date, address_id, order_status) VALUES (90, 34, '2023-12-19 22:25:56.64', NULL, 24, 'CANCELLED');
INSERT INTO public.order_t (id, customer_id, order_date, arrival_date, address_id, order_status) VALUES (75, 37, '2023-12-15 00:05:48.96', '2023-12-17 17:47:32.879701', 12, 'COMPLETED');
INSERT INTO public.order_t (id, customer_id, order_date, arrival_date, address_id, order_status) VALUES (85, 40, '2023-12-16 09:16:40.63', '2023-12-17 17:47:36.096412', 23, 'COMPLETED');
INSERT INTO public.order_t (id, customer_id, order_date, arrival_date, address_id, order_status) VALUES (70, 34, '2023-12-14 18:15:26.92', '2023-12-14 18:15:54.735775', 1, 'COMPLETED');
INSERT INTO public.order_t (id, customer_id, order_date, arrival_date, address_id, order_status) VALUES (78, 37, '2023-12-15 10:14:50.87', '2023-12-17 17:47:39.022821', 12, 'COMPLETED');
INSERT INTO public.order_t (id, customer_id, order_date, arrival_date, address_id, order_status) VALUES (67, 34, '2023-12-14 18:15:16.96', NULL, 1, 'CANCELLED');
INSERT INTO public.order_t (id, customer_id, order_date, arrival_date, address_id, order_status) VALUES (133, 34, '2023-12-29 13:37:33.43', NULL, 19, 'CANCELLED');
INSERT INTO public.order_t (id, customer_id, order_date, arrival_date, address_id, order_status) VALUES (120, 42, '2023-12-25 23:21:20.18', '2023-12-26 12:08:25.976877', 27, 'COMPLETED');
INSERT INTO public.order_t (id, customer_id, order_date, arrival_date, address_id, order_status) VALUES (69, 34, '2023-12-14 18:15:23.76', '2023-12-14 18:16:19.133021', 1, 'COMPLETED');
INSERT INTO public.order_t (id, customer_id, order_date, arrival_date, address_id, order_status) VALUES (89, 34, '2023-12-17 18:47:53.33', '2023-12-17 18:54:06.223841', 19, 'COMPLETED');
INSERT INTO public.order_t (id, customer_id, order_date, arrival_date, address_id, order_status) VALUES (106, 34, '2023-12-25 12:42:12.81', '2023-12-26 12:08:28.619546', 19, 'COMPLETED');
INSERT INTO public.order_t (id, customer_id, order_date, arrival_date, address_id, order_status) VALUES (71, 31, '2023-12-15 01:34:19.37', '2023-12-17 22:44:41.469006', 11, 'COMPLETED');
INSERT INTO public.order_t (id, customer_id, order_date, arrival_date, address_id, order_status) VALUES (101, 34, '2023-12-22 20:46:54.54', '2023-12-23 11:50:11.922862', 19, 'COMPLETED');
INSERT INTO public.order_t (id, customer_id, order_date, arrival_date, address_id, order_status) VALUES (125, 34, '2023-12-27 13:59:40.69', '2023-12-29 17:37:56.719941', 35, 'COMPLETED');
INSERT INTO public.order_t (id, customer_id, order_date, arrival_date, address_id, order_status) VALUES (102, 2, '2023-12-23 11:48:36.52', '2023-12-23 11:50:16.547013', 8, 'COMPLETED');
INSERT INTO public.order_t (id, customer_id, order_date, arrival_date, address_id, order_status) VALUES (72, 31, '2023-12-15 01:36:17.08', NULL, 11, 'CANCELLED');
INSERT INTO public.order_t (id, customer_id, order_date, arrival_date, address_id, order_status) VALUES (116, 34, '2023-12-25 23:06:41.87', '2023-12-26 12:08:30.175823', 19, 'COMPLETED');
INSERT INTO public.order_t (id, customer_id, order_date, arrival_date, address_id, order_status) VALUES (79, 34, '2023-12-15 13:50:34.28', '2023-12-17 22:45:02.843391', 19, 'COMPLETED');
INSERT INTO public.order_t (id, customer_id, order_date, arrival_date, address_id, order_status) VALUES (103, 2, '2023-12-23 11:49:14.33', '2023-12-25 11:10:23.787868', 7, 'COMPLETED');
INSERT INTO public.order_t (id, customer_id, order_date, arrival_date, address_id, order_status) VALUES (86, 34, '2023-12-17 18:40:58.28', '2023-12-17 22:45:05.642386', 19, 'COMPLETED');
INSERT INTO public.order_t (id, customer_id, order_date, arrival_date, address_id, order_status) VALUES (68, 34, '2023-12-14 18:15:20.14', '2023-12-14 19:32:21.768492', 1, 'COMPLETED');
INSERT INTO public.order_t (id, customer_id, order_date, arrival_date, address_id, order_status) VALUES (91, 31, '2023-12-20 12:09:04.45', '2023-12-20 12:11:35.316965', 11, 'COMPLETED');
INSERT INTO public.order_t (id, customer_id, order_date, arrival_date, address_id, order_status) VALUES (124, 50, '2023-12-26 16:26:01.39', NULL, 59, 'CANCELLED');
INSERT INTO public.order_t (id, customer_id, order_date, arrival_date, address_id, order_status) VALUES (77, 37, '2023-12-15 00:22:20.27', '2023-12-15 00:25:20.332883', 18, 'COMPLETED');
INSERT INTO public.order_t (id, customer_id, order_date, arrival_date, address_id, order_status) VALUES (88, 34, '2023-12-17 18:47:11.27', '2023-12-25 12:43:46.526338', 21, 'COMPLETED');
INSERT INTO public.order_t (id, customer_id, order_date, arrival_date, address_id, order_status) VALUES (76, 37, '2023-12-15 00:14:12.79', '2023-12-20 21:45:31.067868', 12, 'COMPLETED');
INSERT INTO public.order_t (id, customer_id, order_date, arrival_date, address_id, order_status) VALUES (87, 34, '2023-12-17 18:45:49.95', '2023-12-20 21:45:34.264682', 19, 'COMPLETED');
INSERT INTO public.order_t (id, customer_id, order_date, arrival_date, address_id, order_status) VALUES (93, 34, '2023-12-20 21:43:27.06', '2023-12-20 21:45:55.056788', 19, 'COMPLETED');
INSERT INTO public.order_t (id, customer_id, order_date, arrival_date, address_id, order_status) VALUES (94, 31, '2023-12-21 19:23:03.09', NULL, 26, 'CANCELLED');
INSERT INTO public.order_t (id, customer_id, order_date, arrival_date, address_id, order_status) VALUES (105, 34, '2023-12-25 12:28:00.16', '2023-12-25 16:55:28.749091', 19, 'COMPLETED');
INSERT INTO public.order_t (id, customer_id, order_date, arrival_date, address_id, order_status) VALUES (92, 31, '2023-12-20 18:23:01.63', '2023-12-21 19:27:09.240835', 11, 'COMPLETED');
INSERT INTO public.order_t (id, customer_id, order_date, arrival_date, address_id, order_status) VALUES (84, 39, '2023-12-15 17:39:39.36', '2023-12-22 09:33:53.43001', 22, 'COMPLETED');
INSERT INTO public.order_t (id, customer_id, order_date, arrival_date, address_id, order_status) VALUES (99, 43, '2023-12-22 09:30:18.65', '2023-12-22 09:35:08.594194', 28, 'COMPLETED');
INSERT INTO public.order_t (id, customer_id, order_date, arrival_date, address_id, order_status) VALUES (128, 34, '2023-12-28 21:23:26.55', NULL, 19, 'CANCELLED');
INSERT INTO public.order_t (id, customer_id, order_date, arrival_date, address_id, order_status) VALUES (109, 34, '2023-12-25 16:49:04.95', '2023-12-25 23:19:06.766742', 19, 'COMPLETED');
INSERT INTO public.order_t (id, customer_id, order_date, arrival_date, address_id, order_status) VALUES (119, 44, '2023-12-25 23:19:02.96', NULL, 30, 'CANCELLED');
INSERT INTO public.order_t (id, customer_id, order_date, arrival_date, address_id, order_status) VALUES (121, 44, '2023-12-25 23:22:20.67', NULL, 30, 'CANCELLED');
INSERT INTO public.order_t (id, customer_id, order_date, arrival_date, address_id, order_status) VALUES (118, 49, '2023-12-25 23:16:40.48', '2023-12-25 23:40:29.252182', 37, 'COMPLETED');
INSERT INTO public.order_t (id, customer_id, order_date, arrival_date, address_id, order_status) VALUES (122, 43, '2023-12-26 06:20:16.75', NULL, 28, 'PENDING');
INSERT INTO public.order_t (id, customer_id, order_date, arrival_date, address_id, order_status) VALUES (131, 34, '2023-12-28 19:38:01.07', NULL, 19, 'PENDING');
INSERT INTO public.order_t (id, customer_id, order_date, arrival_date, address_id, order_status) VALUES (115, 34, '2023-12-25 22:47:50.5', NULL, 35, 'IN_PROGRESS');
INSERT INTO public.order_t (id, customer_id, order_date, arrival_date, address_id, order_status) VALUES (129, 34, '2023-12-28 21:25:23.85', NULL, 35, 'IN_PROGRESS');
INSERT INTO public.order_t (id, customer_id, order_date, arrival_date, address_id, order_status) VALUES (117, 47, '2023-12-25 22:08:34.92', '2023-12-28 21:08:47.123987', 36, 'COMPLETED');
INSERT INTO public.order_t (id, customer_id, order_date, arrival_date, address_id, order_status) VALUES (114, 34, '2023-12-25 22:20:22.18', '2023-12-28 21:08:47.520826', 19, 'COMPLETED');
INSERT INTO public.order_t (id, customer_id, order_date, arrival_date, address_id, order_status) VALUES (130, 34, '2023-12-28 21:26:48.6', '2023-12-28 21:08:49.920887', 29, 'COMPLETED');
INSERT INTO public.order_t (id, customer_id, order_date, arrival_date, address_id, order_status) VALUES (127, 34, '2023-12-28 21:19:09.64', '2023-12-28 21:08:50.133865', 29, 'COMPLETED');
INSERT INTO public.order_t (id, customer_id, order_date, arrival_date, address_id, order_status) VALUES (104, 2, '2023-12-23 11:49:35.81', '2023-12-28 21:08:52.49458', 7, 'COMPLETED');
INSERT INTO public.order_t (id, customer_id, order_date, arrival_date, address_id, order_status) VALUES (134, 2, '2023-12-31 22:02:54.04', '2023-12-31 22:03:28.650102', 7, 'COMPLETED');
INSERT INTO public.order_t (id, customer_id, order_date, arrival_date, address_id, order_status) VALUES (126, 34, '2023-12-28 12:17:59.61', NULL, 19, 'IN_PROGRESS');
INSERT INTO public.order_t (id, customer_id, order_date, arrival_date, address_id, order_status) VALUES (135, 34, '2023-12-31 22:16:31.59', NULL, 19, 'IN_PROGRESS');


--
-- Data for Name: payment_t; Type: TABLE DATA; Schema: public; Owner: root
--

INSERT INTO public.payment_t (id, order_id, payment_date, payment_method, amount) VALUES (39, 58, '2023-12-13 16:41:30.098', 'VISA', 2000.00);
INSERT INTO public.payment_t (id, order_id, payment_date, payment_method, amount) VALUES (40, 59, '2023-12-13 16:42:49.16', 'VISA', 2000.00);
INSERT INTO public.payment_t (id, order_id, payment_date, payment_method, amount) VALUES (41, 61, '2023-12-13 16:44:25.239', 'VISA', 2000.00);
INSERT INTO public.payment_t (id, order_id, payment_date, payment_method, amount) VALUES (42, 62, '2023-12-13 22:09:22.981', 'VISA', 2000.00);
INSERT INTO public.payment_t (id, order_id, payment_date, payment_method, amount) VALUES (43, 63, '2023-12-13 22:09:26.283', 'VISA', 2000.00);
INSERT INTO public.payment_t (id, order_id, payment_date, payment_method, amount) VALUES (44, 64, '2023-12-13 22:09:28.198', 'VISA', 2000.00);
INSERT INTO public.payment_t (id, order_id, payment_date, payment_method, amount) VALUES (45, 65, '2023-12-13 22:09:29.985', 'VISA', 2000.00);
INSERT INTO public.payment_t (id, order_id, payment_date, payment_method, amount) VALUES (46, 66, '2023-12-14 18:14:52.593', 'VISA', 2000.00);
INSERT INTO public.payment_t (id, order_id, payment_date, payment_method, amount) VALUES (47, 67, '2023-12-14 18:15:16.275', 'VISA', 2000.00);
INSERT INTO public.payment_t (id, order_id, payment_date, payment_method, amount) VALUES (48, 68, '2023-12-14 18:15:19.448', 'VISA', 2000.00);
INSERT INTO public.payment_t (id, order_id, payment_date, payment_method, amount) VALUES (49, 69, '2023-12-14 18:15:23.077', 'VISA', 2000.00);
INSERT INTO public.payment_t (id, order_id, payment_date, payment_method, amount) VALUES (50, 70, '2023-12-14 18:15:26.232', 'VISA', 2000.00);
INSERT INTO public.payment_t (id, order_id, payment_date, payment_method, amount) VALUES (52, 72, NULL, 'CASH', 1623.64);
INSERT INTO public.payment_t (id, order_id, payment_date, payment_method, amount) VALUES (55, 77, '2023-12-15 00:25:20.332883', 'CASH', 99.00);
INSERT INTO public.payment_t (id, order_id, payment_date, payment_method, amount) VALUES (58, 80, NULL, 'CASH', 257.95);
INSERT INTO public.payment_t (id, order_id, payment_date, payment_method, amount) VALUES (59, 81, NULL, 'CASH', 206.78);
INSERT INTO public.payment_t (id, order_id, payment_date, payment_method, amount) VALUES (60, 82, NULL, 'CASH', 3345.97);
INSERT INTO public.payment_t (id, order_id, payment_date, payment_method, amount) VALUES (61, 83, '2023-12-15 16:47:51.836146', 'CASH', 39.99);
INSERT INTO public.payment_t (id, order_id, payment_date, payment_method, amount) VALUES (53, 75, '2023-12-17 17:47:32.879701', 'CASH', 19.70);
INSERT INTO public.payment_t (id, order_id, payment_date, payment_method, amount) VALUES (63, 85, '2023-12-17 17:47:36.096412', 'CASH', 114.00);
INSERT INTO public.payment_t (id, order_id, payment_date, payment_method, amount) VALUES (56, 78, '2023-12-17 17:47:39.022821', 'CASH', 1499.99);
INSERT INTO public.payment_t (id, order_id, payment_date, payment_method, amount) VALUES (67, 89, '2023-12-17 18:54:06.223841', 'CASH', 59.97);
INSERT INTO public.payment_t (id, order_id, payment_date, payment_method, amount) VALUES (51, 71, '2023-12-17 22:44:41.469006', 'CASH', 1033.98);
INSERT INTO public.payment_t (id, order_id, payment_date, payment_method, amount) VALUES (57, 79, '2023-12-17 22:45:02.843391', 'CASH', 144.30);
INSERT INTO public.payment_t (id, order_id, payment_date, payment_method, amount) VALUES (64, 86, '2023-12-17 22:45:05.642386', 'CASH', 2091.83);
INSERT INTO public.payment_t (id, order_id, payment_date, payment_method, amount) VALUES (68, 90, NULL, 'CASH', 8500.00);
INSERT INTO public.payment_t (id, order_id, payment_date, payment_method, amount) VALUES (69, 91, '2023-12-20 12:11:35.316965', 'CASH', 239.94);
INSERT INTO public.payment_t (id, order_id, payment_date, payment_method, amount) VALUES (54, 76, '2023-12-20 21:45:31.067868', 'CASH', 260.69);
INSERT INTO public.payment_t (id, order_id, payment_date, payment_method, amount) VALUES (65, 87, '2023-12-20 21:45:34.264682', 'CASH', 79.93);
INSERT INTO public.payment_t (id, order_id, payment_date, payment_method, amount) VALUES (71, 93, '2023-12-20 21:45:55.056788', 'CASH', 216.13);
INSERT INTO public.payment_t (id, order_id, payment_date, payment_method, amount) VALUES (72, 94, NULL, 'CASH', 502.17);
INSERT INTO public.payment_t (id, order_id, payment_date, payment_method, amount) VALUES (70, 92, '2023-12-21 19:27:09.240835', 'CASH', 204.60);
INSERT INTO public.payment_t (id, order_id, payment_date, payment_method, amount) VALUES (62, 84, '2023-12-22 09:33:53.43001', 'CASH', 108.99);
INSERT INTO public.payment_t (id, order_id, payment_date, payment_method, amount) VALUES (74, 99, '2023-12-22 09:35:08.594194', 'CASH', 153.99);
INSERT INTO public.payment_t (id, order_id, payment_date, payment_method, amount) VALUES (75, 100, '2023-12-22 11:46:12.752868', 'CASH', 1023.29);
INSERT INTO public.payment_t (id, order_id, payment_date, payment_method, amount) VALUES (73, 97, '2023-12-22 11:46:23.941394', 'CASH', 89.20);
INSERT INTO public.payment_t (id, order_id, payment_date, payment_method, amount) VALUES (76, 101, '2023-12-23 11:50:11.922862', 'CASH', 1723.22);
INSERT INTO public.payment_t (id, order_id, payment_date, payment_method, amount) VALUES (77, 102, '2023-12-23 11:50:16.547013', 'CASH', 1683.96);
INSERT INTO public.payment_t (id, order_id, payment_date, payment_method, amount) VALUES (78, 103, '2023-12-25 11:10:23.787868', 'CASH', 2072.56);
INSERT INTO public.payment_t (id, order_id, payment_date, payment_method, amount) VALUES (66, 88, '2023-12-25 12:43:46.526338', 'CASH', 59.97);
INSERT INTO public.payment_t (id, order_id, payment_date, payment_method, amount) VALUES (80, 105, '2023-12-25 16:55:28.749091', 'CASH', 742.98);
INSERT INTO public.payment_t (id, order_id, payment_date, payment_method, amount) VALUES (85, 115, NULL, 'CASH', 263.91);
INSERT INTO public.payment_t (id, order_id, payment_date, payment_method, amount) VALUES (83, 109, '2023-12-25 23:19:06.766742', 'CASH', 3002.97);
INSERT INTO public.payment_t (id, order_id, payment_date, payment_method, amount) VALUES (89, 119, NULL, 'CASH', 245.30);
INSERT INTO public.payment_t (id, order_id, payment_date, payment_method, amount) VALUES (91, 121, NULL, 'CASH', 235.20);
INSERT INTO public.payment_t (id, order_id, payment_date, payment_method, amount) VALUES (88, 118, '2023-12-25 23:40:29.252182', 'CASH', 9614.99);
INSERT INTO public.payment_t (id, order_id, payment_date, payment_method, amount) VALUES (92, 122, NULL, 'CASH', 131.79);
INSERT INTO public.payment_t (id, order_id, payment_date, payment_method, amount) VALUES (82, 108, '2023-12-26 06:21:41.795905', 'CASH', 16.99);
INSERT INTO public.payment_t (id, order_id, payment_date, payment_method, amount) VALUES (93, 123, NULL, 'CASH', 117.48);
INSERT INTO public.payment_t (id, order_id, payment_date, payment_method, amount) VALUES (90, 120, '2023-12-26 12:08:25.976877', 'CASH', 6954.00);
INSERT INTO public.payment_t (id, order_id, payment_date, payment_method, amount) VALUES (81, 106, '2023-12-26 12:08:28.619546', 'CASH', 1128.42);
INSERT INTO public.payment_t (id, order_id, payment_date, payment_method, amount) VALUES (86, 116, '2023-12-26 12:08:30.175823', 'CASH', 139.00);
INSERT INTO public.payment_t (id, order_id, payment_date, payment_method, amount) VALUES (94, 124, NULL, 'CASH', 914.30);
INSERT INTO public.payment_t (id, order_id, payment_date, payment_method, amount) VALUES (96, 126, NULL, 'CASH', 231.78);
INSERT INTO public.payment_t (id, order_id, payment_date, payment_method, amount) VALUES (98, 128, NULL, 'CASH', 10030.00);
INSERT INTO public.payment_t (id, order_id, payment_date, payment_method, amount) VALUES (99, 129, NULL, 'CASH', 170.27);
INSERT INTO public.payment_t (id, order_id, payment_date, payment_method, amount) VALUES (101, 131, NULL, 'CASH', 103.96);
INSERT INTO public.payment_t (id, order_id, payment_date, payment_method, amount) VALUES (87, 117, '2023-12-28 21:08:47.123987', 'CASH', 10639.00);
INSERT INTO public.payment_t (id, order_id, payment_date, payment_method, amount) VALUES (84, 114, '2023-12-28 21:08:47.520826', 'CASH', 159.00);
INSERT INTO public.payment_t (id, order_id, payment_date, payment_method, amount) VALUES (100, 130, '2023-12-28 21:08:49.920887', 'CASH', 170.27);
INSERT INTO public.payment_t (id, order_id, payment_date, payment_method, amount) VALUES (97, 127, '2023-12-28 21:08:50.133865', 'CASH', 173.28);
INSERT INTO public.payment_t (id, order_id, payment_date, payment_method, amount) VALUES (79, 104, '2023-12-28 21:08:52.49458', 'CASH', 2195.79);
INSERT INTO public.payment_t (id, order_id, payment_date, payment_method, amount) VALUES (102, 132, NULL, 'CASH', 8500.00);
INSERT INTO public.payment_t (id, order_id, payment_date, payment_method, amount) VALUES (103, 133, NULL, 'CASH', 47.97);
INSERT INTO public.payment_t (id, order_id, payment_date, payment_method, amount) VALUES (95, 125, '2023-12-29 17:37:56.719941', 'CASH', 201.25);
INSERT INTO public.payment_t (id, order_id, payment_date, payment_method, amount) VALUES (104, 134, '2023-12-31 22:03:28.650102', 'CASH', 27665.00);
INSERT INTO public.payment_t (id, order_id, payment_date, payment_method, amount) VALUES (105, 135, NULL, 'CASH', 1280.27);


--
-- Data for Name: price_history_t; Type: TABLE DATA; Schema: public; Owner: root
--

INSERT INTO public.price_history_t (id, product_id, price, date) VALUES (1, 36, 1500.00, '2023-12-04 00:00:00');
INSERT INTO public.price_history_t (id, product_id, price, date) VALUES (2, 36, 1350.00, '2023-12-04 15:52:02.921342');
INSERT INTO public.price_history_t (id, product_id, price, date) VALUES (3, 36, 1400.00, '2023-12-05 21:42:40.138865');
INSERT INTO public.price_history_t (id, product_id, price, date) VALUES (4, 4, 15.99, '2023-12-06 16:47:31.068312');
INSERT INTO public.price_history_t (id, product_id, price, date) VALUES (5, 10, 109.00, '2023-12-06 16:47:31.068312');
INSERT INTO public.price_history_t (id, product_id, price, date) VALUES (6, 19, 7.95, '2023-12-06 16:47:31.068312');
INSERT INTO public.price_history_t (id, product_id, price, date) VALUES (7, 1, 109.95, '2023-12-11 00:58:46.525975');
INSERT INTO public.price_history_t (id, product_id, price, date) VALUES (8, 1, 100.00, '2023-12-11 02:05:05.740876');
INSERT INTO public.price_history_t (id, product_id, price, date) VALUES (9, 35, 12.50, '2023-12-11 19:11:12.909869');
INSERT INTO public.price_history_t (id, product_id, price, date) VALUES (10, 14, 999.99, '2023-12-11 23:29:02.468326');
INSERT INTO public.price_history_t (id, product_id, price, date) VALUES (11, 11, 109.00, '2023-12-12 01:58:04.787994');
INSERT INTO public.price_history_t (id, product_id, price, date) VALUES (12, 1, 110.00, '2023-12-13 18:54:39.556799');
INSERT INTO public.price_history_t (id, product_id, price, date) VALUES (13, 1, 99.99, '2023-12-13 19:11:08.721574');
INSERT INTO public.price_history_t (id, product_id, price, date) VALUES (14, 6, 168.00, '2023-12-14 19:31:16.930437');
INSERT INTO public.price_history_t (id, product_id, price, date) VALUES (15, 11, 109.99, '2023-12-19 22:20:17.363974');
INSERT INTO public.price_history_t (id, product_id, price, date) VALUES (16, 7, 9.99, '2023-12-21 19:30:43.883878');
INSERT INTO public.price_history_t (id, product_id, price, date) VALUES (17, 33, 80.00, '2023-12-24 17:34:29.602631');
INSERT INTO public.price_history_t (id, product_id, price, date) VALUES (18, 20, 12.99, '2023-12-25 12:29:42.595828');
INSERT INTO public.price_history_t (id, product_id, price, date) VALUES (19, 20, 14.99, '2023-12-25 12:31:35.375807');
INSERT INTO public.price_history_t (id, product_id, price, date) VALUES (20, 20, 12.99, '2023-12-25 12:32:34.56252');
INSERT INTO public.price_history_t (id, product_id, price, date) VALUES (21, 5, 695.00, '2023-12-25 12:32:09.434326');
INSERT INTO public.price_history_t (id, product_id, price, date) VALUES (22, 16, 29.95, '2023-12-25 16:50:00.595835');
INSERT INTO public.price_history_t (id, product_id, price, date) VALUES (23, 3, 55.99, '2023-12-25 16:55:57.131834');
INSERT INTO public.price_history_t (id, product_id, price, date) VALUES (24, 33, 99.99, '2023-12-25 18:55:12.695949');
INSERT INTO public.price_history_t (id, product_id, price, date) VALUES (25, 17, 39.99, '2023-12-25 22:42:23.309369');


--
-- Data for Name: product_t; Type: TABLE DATA; Schema: public; Owner: root
--

INSERT INTO public.product_t (id, product_title, description, price, stock_quantity, rating, image_url, category_id) VALUES (12, 'WD 4TB Gaming Drive Works with Playstation 4 Portable External Hard Drive', 'Expand your PS4 gaming experience, Play anywhere Fast and easy, setup Sleek design with high capacity, 3-year manufacturer''s limited warranty', 114.00, 0, 4.8, 'https://fakestoreapi.com/img/61mtL65D4cL._AC_SX679_.jpg', 3);
INSERT INTO public.product_t (id, product_title, description, price, stock_quantity, rating, image_url, category_id) VALUES (18, 'MBJ Women''s Solid Short Sleeve Boat Neck V', '95% RAYON 5% SPANDEX, Made in USA or Imported, Do Not Bleach, Lightweight fabric with great stretch for comfort, Ribbed on sleeves and neckline / Double stitching on bottom hem', 9.85, 0, 4.7, 'https://fakestoreapi.com/img/71z3kpMAYsL._AC_UY879_.jpg', 4);
INSERT INTO public.product_t (id, product_title, description, price, stock_quantity, rating, image_url, category_id) VALUES (13, 'Acer SB220Q bi 21.5 inches Full HD (1920 x 1080) IPS Ultra-Thin', '21. 5 inches Full HD (1920 x 1080) widescreen IPS display And Radeon free Sync technology. No compatibility for VESA Mount Refresh Rate: 75Hz - Using HDMI port Zero-frame design | ultra-thin | 4ms response time | IPS panel Aspect ratio - 16: 9. Color Supported - 16. 7 million colors. Brightness - 250 nit Tilt angle -5 degree to 15 degree. Horizontal viewing angle-178 degree. Vertical viewing angle-178 degree 75 hertz', 599.00, 43, 2.9, 'https://fakestoreapi.com/img/81QpkIctqPL._AC_SX679_.jpg', 3);
INSERT INTO public.product_t (id, product_title, description, price, stock_quantity, rating, image_url, category_id) VALUES (16, 'Lock and Love Women''s Removable Hooded Faux Leather Moto Biker Jacket', '100% POLYURETHANE(shell) 100% POLYESTER(lining) 75% POLYESTER 25% COTTON (SWEATER), Faux leather material for style and comfort / 2 pockets of front, 2-For-One Hooded denim style faux leather jacket, Button detail on waist / Detail stitching at sides, HAND WASH ONLY / DO NOT BLEACH / LINE DRY / DO NOT IRON', 29.99, 276, 2.9, 'https://fakestoreapi.com/img/81XH0e8fefL._AC_UY879_.jpg', 4);
INSERT INTO public.product_t (id, product_title, description, price, stock_quantity, rating, image_url, category_id) VALUES (8, 'Pierced Owl Rose Gold Plated Stainless Steel Double', 'Rose Gold Plated Double Flared Tunnel Plug Earrings. Made of 316L Stainless Steel', 10.99, 19, 1.9, 'https://fakestoreapi.com/img/51UDEzMJVpL._AC_UL640_QL65_ML3_.jpg', 2);
INSERT INTO public.product_t (id, product_title, description, price, stock_quantity, rating, image_url, category_id) VALUES (32, 'fancyShoes', 'Lorem ipsum dolor sit amet consectetur, adipisicing elit. Rem culpa quod sapiente illum sequi id iusto reprehenderit nesciunt illo. Necessitatibus ullam earum cupiditate doloribus dolorum magnam voluptatibus culpa fugit labore.
', 53.00, 14, NULL, 'https://res.cloudinary.com/dtldqbm5m/image/upload/v1701023571/x4lpgerikhctmqusdooa.png', 1);
INSERT INTO public.product_t (id, product_title, description, price, stock_quantity, rating, image_url, category_id) VALUES (4, 'Mens Casual Slim Fit', 'The color could be slightly different between on the screen and in practice. / Please note that body builds vary by person, therefore, detailed size information should be reviewed below on the product description.', 20.00, 69, 2.1, 'https://fakestoreapi.com/img/71YXzeOuslL._AC_UY879_.jpg', 1);
INSERT INTO public.product_t (id, product_title, description, price, stock_quantity, rating, image_url, category_id) VALUES (1, 'Fjallraven - Foldsack No. 1 Backpack, Fits 15 Laptops', 'Your perfect pack for everyday use and walks in the forest. Stash your laptop (up to 15 inches) in the padded sleeve, your everyday', 99.00, 4, 3.9, 'https://fakestoreapi.com/img/81fPKd-2AYL._AC_SL1500_.jpg', 1);
INSERT INTO public.product_t (id, product_title, description, price, stock_quantity, rating, image_url, category_id) VALUES (5, 'John Hardy Women''s Legends Naga Gold & Silver Dragon Station Chain Bracelet', 'From our Legends Collection, the Naga was inspired by the mythical water dragon that protects the ocean''s pearl. Wear facing inward to be bestowed with love and abundance, or outward for protection.', 69.50, 12, 4.6, 'https://fakestoreapi.com/img/71pWzhdJNwL._AC_UL640_QL65_ML3_.jpg', 2);
INSERT INTO public.product_t (id, product_title, description, price, stock_quantity, rating, image_url, category_id) VALUES (7, 'White Gold Plated Princess', 'Classic Created Wedding Engagement Solitaire Diamond Promise Ring for Her. Gifts to spoil your love more for Engagement, Wedding, Anniversary, Valentine''s Day...', 10.99, 40, 3.0, 'https://fakestoreapi.com/img/71YAIFU48IL._AC_UL640_QL65_ML3_.jpg', 2);
INSERT INTO public.product_t (id, product_title, description, price, stock_quantity, rating, image_url, category_id) VALUES (14, 'Samsung 49-Inch CHG90 144Hz Curved Gaming Monitor (LC49HG90DMNXZA) – Super Ultrawide Screen QLED', '49 INCH SUPER ULTRAWIDE 32:9 CURVED GAMING MONITOR with dual 27 inch screen side by side QUANTUM DOT (QLED) TECHNOLOGY, HDR support and factory calibration provides stunningly realistic and accurate color and contrast 144HZ HIGH REFRESH RATE and 1ms ultra fast response time work to eliminate motion blur, ghosting, and reduce input lag', 1000.99, 79, 2.2, 'https://fakestoreapi.com/img/81Zt42ioCgL._AC_SX679_.jpg', 3);
INSERT INTO public.product_t (id, product_title, description, price, stock_quantity, rating, image_url, category_id) VALUES (36, 'Camera', 'Lorem ipsum dolor sit amet consectetur, adipisicing elit. Rem culpa quod sapiente illum sequi id iusto reprehenderit nesciunt illo. Necessitatibus ullam earum cupiditate doloribus dolorum magnam voluptatibus culpa fugit labore.', 1499.99, 210, 3.4, 'https://res.cloudinary.com/dtldqbm5m/image/upload/v1701455901/ta5pyradpv3z3lcw0nwv.jpg', 3);
INSERT INTO public.product_t (id, product_title, description, price, stock_quantity, rating, image_url, category_id) VALUES (17, 'Rain Jacket Women Windbreaker Striped Climbing Raincoats', 'Lightweight perfect for a trip or casual wear---Long sleeve with a hooded, adjustable drawstring waist design. Button and zipper front closure raincoat, fully stripes Lined and The Raincoat has 2 side pockets are a good size to hold all kinds of things, it covers the hips, and the hood is generous but doesn''t overdo it.Attached Cotton Lined Hood with Adjustable Drawstrings give it a real styled look.', 19.99, 12, 3.8, 'https://fakestoreapi.com/img/71HblAHs5xL._AC_UY879_-2.jpg', 4);
INSERT INTO public.product_t (id, product_title, description, price, stock_quantity, rating, image_url, category_id) VALUES (20, 'DANVOUY Womens T Shirt Casual Cotton Short', '95%Cotton,5%Spandex, Features: Casual, Short Sleeve, Letter Print,V-Neck,Fashion Tees, The fabric is soft and has some stretch., Occasion: Casual/Office/Beach/School/Home/Street. Season: Spring,Summer,Autumn,Winter.', 16.99, 3, 3.6, 'https://fakestoreapi.com/img/61pHAEJ4NML._AC_UX679_.jpg', 4);
INSERT INTO public.product_t (id, product_title, description, price, stock_quantity, rating, image_url, category_id) VALUES (35, 'skin care ', 'Lorem ipsum dolor sit amet consectetur, adipisicing elit. Rem culpa quod sapiente illum sequi id iusto reprehenderit nesciunt illo. Necessitatibus ullam earum cupiditate doloribus dolorum magnam voluptatibus culpa fugit labore.
', 20.00, 4, 2.4, 'https://res.cloudinary.com/dtldqbm5m/image/upload/v1702404764/gzvb0aqqv5he2ilvkvw0.jpg', 4);
INSERT INTO public.product_t (id, product_title, description, price, stock_quantity, rating, image_url, category_id) VALUES (10, 'SanDisk SSD PLUS 1TB Internal SSD - SATA III 6 Gb/s', 'Easy upgrade for faster boot up, shutdown, application load and response (As compared to 5400 RPM SATA 2.5” hard drive; Based on published specifications and internal benchmarking tests using PCMark vantage scores) Boosts burst write performance, making it ideal for typical PC workloads The perfect balance of performance and reliability Read/write speeds of up to 535MB/s/450MB/s (Based on internal testing; Performance may vary depending upon drive capacity, host device, OS and application.)', 119.99, 65, 2.9, 'https://fakestoreapi.com/img/61U7T1koQqL._AC_SX679_.jpg', 3);
INSERT INTO public.product_t (id, product_title, description, price, stock_quantity, rating, image_url, category_id) VALUES (6, 'Solid Gold Petite Micropave', 'Satisfaction Guaranteed. Return or exchange any order within 30 days.Designed and sold by Hafeez Center in the United States. Satisfaction Guaranteed. Return or exchange any order within 30 days.', 100.00, 44, 3.9, 'https://fakestoreapi.com/img/61sbMiUnoGL._AC_UL640_QL65_ML3_.jpg', 2);
INSERT INTO public.product_t (id, product_title, description, price, stock_quantity, rating, image_url, category_id) VALUES (33, 'snackers', 'Lorem ipsum dolor sit amet consectetur, adipisicing elit. Rem culpa quod sapiente illum sequi id iusto reprehenderit nesciunt illo. Necessitatibus ullam earum cupiditate doloribus dolorum magnam voluptatibus culpa fugit labore.
', 98.98, 0, NULL, 'https://res.cloudinary.com/dtldqbm5m/image/upload/v1701023671/bbx50nyjq5x7a7yazvuj.jpg', 1);
INSERT INTO public.product_t (id, product_title, description, price, stock_quantity, rating, image_url, category_id) VALUES (9, 'WD 2TB Elements Portable External Hard Drive - USB 3.0', 'USB 3.0 and USB 2.0 Compatibility Fast data transfers Improve PC Performance High Capacity; Compatibility Formatted NTFS for Windows 10, Windows 8.1, Windows 7; Reformatting may be required for other operating systems; Compatibility may vary depending on user’s hardware configuration and operating system', 64.00, 226, 3.3, 'https://fakestoreapi.com/img/61IBBVJvSDL._AC_SY879_.jpg', 3);
INSERT INTO public.product_t (id, product_title, description, price, stock_quantity, rating, image_url, category_id) VALUES (11, 'Silicon Power 256GB SSD 3D NAND A55 SLC Cache Performance Boost SATA III 2.5', '3D NAND flash are applied to deliver high transfer speeds Remarkable transfer speeds that enable faster bootup and improved overall system performance. The advanced SLC Cache Technology allows performance boost and longer lifespan 7mm slim design suitable for Ultrabooks and Ultra-slim notebooks. Supports TRIM command, Garbage Collection technology, RAID, and ECC (Error Checking & Correction) to provide the optimized performance and enhanced reliability.', 99.99, 95, 4.8, 'https://fakestoreapi.com/img/71kWymZ+c+L._AC_SX679_.jpg', 3);
INSERT INTO public.product_t (id, product_title, description, price, stock_quantity, rating, image_url, category_id) VALUES (19, 'Opna Women''s Short Sleeve Moisture', '100% Polyester, Machine wash, 100% cationic polyester interlock, Machine Wash & Pre Shrunk for a Great Fit, Lightweight, roomy and highly breathable with moisture-wicking fabric which helps to keep moisture away, Soft Lightweight Fabric with comfortable V-neck collar and a slimmer fit, delivers a sleek, more feminine silhouette and Added Comfort', 9.99, 81, 4.5, 'https://fakestoreapi.com/img/51eg55uWmdL._AC_UX679_.jpg', 4);
INSERT INTO public.product_t (id, product_title, description, price, stock_quantity, rating, image_url, category_id) VALUES (60, 'Desktop', 'This is a desktop computer', 8500.00, 148, 5.0, 'https://res.cloudinary.com/dtldqbm5m/image/upload/v1702506536/fmnqdypmrxsp38mms8tc.jpg', 3);
INSERT INTO public.product_t (id, product_title, description, price, stock_quantity, rating, image_url, category_id) VALUES (15, 'BIYLACLESEN Women''s 3-in-1 Snowboard Jacket Winter Coats', 'Note:The Jackets is US standard size, Please choose size as your usual wear Material: 100% Polyester; Detachable Liner Fabric: Warm Fleece. Detachable Functional Liner: Skin Friendly, Lightweight, and Warm.Stand Collar Liner jacket, keep you warm in cold weather. Zippered Pockets: 2 Zippered Hand Pockets, 2 Zippered Pockets on Chest (enough to keep cards or keys)and 1 Hidden Pocket Inside.Zippered Hand Pockets and Hidden Pocket keep your things secure. Humanized Design: Adjustable and Detachable Hood and Adjustable cuff to prevent the wind and water, for a comfortable fit. 3 in 1 Detachable Design provides more convenience, you can separate the coat and inner as needed, or wear it together. It is suitable for a different season and help you adapt to different climates', 56.99, 291, 2.6, 'https://fakestoreapi.com/img/51Y5NI-I5jL._AC_UX679_.jpg', 4);
INSERT INTO public.product_t (id, product_title, description, price, stock_quantity, rating, image_url, category_id) VALUES (3, 'Mens Cotton Jacket', 'great outerwear jackets for Spring/Autumn/Winter, suitable for many occasions, such as working, hiking, camping, mountain/rock climbing, cycling, traveling or other outdoors. Good gift choice for you or your family member. A warm-hearted love to Father, husband, or son in this thanksgiving or Christmas Day.', 59.95, 1, 4.7, 'https://fakestoreapi.com/img/71li-ujtlUL._AC_UX679_.jpg', 1);
INSERT INTO public.product_t (id, product_title, description, price, stock_quantity, rating, image_url, category_id) VALUES (2, 'Mens Casual Premium Slim Fit T-Shirts', 'Slim-fitting style, contrast raglan long sleeve, three-button henley placket, light weight & soft fabric for breathable and comfortable wearing. And Solid stitched shirts with round neck made for durability and a great fit for casual fashion wear and diehard baseball fans. The Henley style round neckline includes a three-button placket.', 22.30, 70, 4.1, 'https://fakestoreapi.com/img/71-3HjGNDUL._AC_SY879._SX._UX._SY._UY_.jpg', 1);


--
-- Data for Name: user_t; Type: TABLE DATA; Schema: public; Owner: root
--

INSERT INTO public.user_t (id, first_name, last_name, email, phone, join_date, password, role) VALUES (1, 'ahmed', 'gad', 'agad@gmail.com', '01007057363', '2023-10-25 00:00:00', 'Ahmed@2003', 'USER');
INSERT INTO public.user_t (id, first_name, last_name, email, phone, join_date, password, role) VALUES (34, 'ahmed', 'elzaki', 'ahmed.elzaki291@gmail.com', '+201207223239', '2023-12-14 17:55:28.390768', '$2a$10$Fvdplm2q0D17FHfiEdT2MuVXUX96pC7NwnEeDd3tVnwTWGovuxfiK', 'USER');
INSERT INTO public.user_t (id, first_name, last_name, email, phone, join_date, password, role) VALUES (9, 'akram', 'hesham', 'akramhesham209@gmail.cpm', '01220945823', '2023-12-13 00:25:24.12503', '$2a$10$FKwjbAgFbZcRFv2pZ/Ho/O4j6.cCLK.p3O/nq1YRc5OjBRSYsRJGq', 'USER');
INSERT INTO public.user_t (id, first_name, last_name, email, phone, join_date, password, role) VALUES (16, 'akam', 'hesham', 'akramsam209@gmail.cpm', '012344945823', '2023-12-13 00:34:36.337137', '$2a$10$HQ8oBdgpHI08hvtOmgJaeO48yyIMsAivgPoDEwfOMNTjZbMtrLM.W', 'USER');
INSERT INTO public.user_t (id, first_name, last_name, email, phone, join_date, password, role) VALUES (29, 'akram', 'hesham', 'akramhesham09@gmail.cpm', '01118840130', '2023-12-13 15:24:32.768098', '$2a$10$Q.EhGpZjoLs87/kLmSZbROfUb.j6cm48Ph4se3WuVCciserFnWJUu', 'USER');
INSERT INTO public.user_t (id, first_name, last_name, email, phone, join_date, password, role) VALUES (6, 'Ahmed', 'Elzaki', 'admin', '+201019395124', '2023-12-13 00:13:25.894152', '$2a$10$.aafeozmDj4.YTBHKqj1AOO1GuRP5oATP/vPLkI7zfM6yUplO8uyC', 'ADMIN');
INSERT INTO public.user_t (id, first_name, last_name, email, phone, join_date, password, role) VALUES (31, 'user', 'user', 'user', '+2010121668486', '2023-12-13 18:07:36.755094', '$2a$10$bQl5VUxobRp0.mYcCPg62OkLbLIVu4bBNYC4NqSnQKHwO9oUTzCgi', 'USER');
INSERT INTO public.user_t (id, first_name, last_name, email, phone, join_date, password, role) VALUES (32, 'Ahmed', 'Mansour', 'ahmedmansour88@gmail.com', '+201149620199', '2023-12-13 22:22:39.087857', '$2a$10$7IMxnaJ0oeDo0OZTyaF/XecRqsU.NbxGNYuBnyFVkBA8nBGIrOMN2', 'USER');
INSERT INTO public.user_t (id, first_name, last_name, email, phone, join_date, password, role) VALUES (33, 'ahmed', 'mohamed', 'ahmed@yahho.com', '+20135647892', '2023-12-14 17:05:59.495882', '$2a$10$ZAgL97BvgLWfoqXB8QTPn.RfMhonqbRROeBmrn7x5ScwEQRY7brZS', 'USER');
INSERT INTO public.user_t (id, first_name, last_name, email, phone, join_date, password, role) VALUES (37, 'test', 'test', 'test@ecommerce.com', '+2015646489654', '2023-12-14 23:48:04.680048', '$2a$10$d7cZ/7lYfvCJYB3RxLwZAOG5nMhtW7QYnfnKBqX3Fcsz59xXraCUW', 'USER');
INSERT INTO public.user_t (id, first_name, last_name, email, phone, join_date, password, role) VALUES (38, 'Omar', 'Hassan', 'oh458886@gmail.com', '+201274417232', '2023-12-15 09:37:34.799958', '$2a$10$EGD.PGsuSpBFpgFcM/qjtuWqvcvs0fUm.MRHRqEeTNF/G9tN8gkH2', 'USER');
INSERT INTO public.user_t (id, first_name, last_name, email, phone, join_date, password, role) VALUES (39, 'Rahma', 'Elshamy', 'rahma99@gmail.com', '+201113566157', '2023-12-15 13:20:25.261712', '$2a$10$0lV8RcZSpnC5dqvtRuBL6ORstGwlWMcKtij.kexjSpJYY0HTlb84u', 'USER');
INSERT INTO public.user_t (id, first_name, last_name, email, phone, join_date, password, role) VALUES (40, 'Ahmed', 'Gad', 'ahmedgad@gmail.com', '+0201007057363', '2023-12-16 09:15:04.536058', '$2a$10$HWqvoUjI8BzzTGAOVAYtSea5iHUHPY6T5vdPP5f.AO2AY52xoxQRu', 'USER');
INSERT INTO public.user_t (id, first_name, last_name, email, phone, join_date, password, role) VALUES (41, 'mosafa', 'atwa', 'atwamostafa5@gmail.com', '+021030230909', '2023-12-20 12:07:20.96927', '$2a$10$cHtETUcvSJ.APmlsqvdiH.DnNWOmFCj2UNBVZxjiC7kas7boceDce', 'USER');
INSERT INTO public.user_t (id, first_name, last_name, email, phone, join_date, password, role) VALUES (2, 'hassan', 'kaoud', 'hassan@kaoud.com', '01019488860', '2023-11-09 00:00:00', '$2a$10$.aafeozmDj4.YTBHKqj1AOO1GuRP5oATP/vPLkI7zfM6yUplO8uyC', 'USER');
INSERT INTO public.user_t (id, first_name, last_name, email, phone, join_date, password, role) VALUES (42, 'Ahmed', 'Afifi', 'ahmedmahamed2256@gmail.com', '+201010529735', '2023-12-21 17:30:03.470882', '$2a$10$uNSYFXOyXdJAghr9EKG7COHY9NILWvSa7lYtFees2RSDnF884MEby', 'USER');
INSERT INTO public.user_t (id, first_name, last_name, email, phone, join_date, password, role) VALUES (43, 'Amira', 'Elhosary', 'amira@gmail.com', '+201097794790', '2023-12-22 09:22:31.540002', '$2a$10$96RpU1lTAERh14PyI8myHOAn1xsDpGpQi4isvlP75GcJ4KT4kmKPG', 'USER');
INSERT INTO public.user_t (id, first_name, last_name, email, phone, join_date, password, role) VALUES (44, 'Io', 'Oi', 'qw@gmail.com', '+201234565678', '2023-12-25 12:53:31.045122', '$2a$10$cv5rlTgOmI9CTlzcdZfHNusFPHetjXmHlCElWesE/pZkrEovXGiGW', 'USER');
INSERT INTO public.user_t (id, first_name, last_name, email, phone, join_date, password, role) VALUES (45, 'ahmed', 'ebrahim', 'ebrahim@hotmail.com', '+205415641561', '2023-12-25 18:48:35.175925', '$2a$10$Vtpgruk/hyY5HFJMDzSofuUyshr8Sw.KOChsqWBKhAb9Kqg09ip.O', 'USER');
INSERT INTO public.user_t (id, first_name, last_name, email, phone, join_date, password, role) VALUES (46, 'lorem', 'el', 'daily@gmail.com', '+20222', '2023-12-25 17:29:37.883773', '$2a$10$4lEGW4lqbqFlKjVaW/PmWeHlWKdansv0zuoum5hPHc.HbwtNSaGf2', 'USER');
INSERT INTO public.user_t (id, first_name, last_name, email, phone, join_date, password, role) VALUES (47, 'Matilda ', 'Ashraf', 'matilda@yahoo.com', '+20122442555', '2023-12-25 21:57:17.286614', '$2a$10$oLLXjphasm1NwiDhFIsuV.HcYS72550/arh3DcWbMbYgM8xJRJ.3K', 'USER');
INSERT INTO public.user_t (id, first_name, last_name, email, phone, join_date, password, role) VALUES (48, 'ahmed', 'ebrahim', 'ahmedebrahim@gmail.com', '+201075643360', '2023-12-25 22:09:41.798106', '$2a$10$.XvaxlipxIqeYsXc0zxDp.IDt2CU5.qWemUFNqzBnsZhLZv85/DRu', 'USER');
INSERT INTO public.user_t (id, first_name, last_name, email, phone, join_date, password, role) VALUES (49, 'hitham', 'Mohamed', 'hithamab@yahoo.com', '+201002587187', '2023-12-25 23:14:35.789558', '$2a$10$L1sOrgMZXi9z7bnQnueENOCtXWK3GBlvdYLCG05ZQcCvYn6LSxruS', 'USER');
INSERT INTO public.user_t (id, first_name, last_name, email, phone, join_date, password, role) VALUES (50, 'DAdwas', 'dadsqwA', 'A@gmail.com', '+2010000000', '2023-12-26 16:23:33.375819', '$2a$10$ay1D3Gy2xYwk0lFo0fQHQewA6T6gQVdBrBiDSAkRmAlXbQfBAqxDK', 'USER');
INSERT INTO public.user_t (id, first_name, last_name, email, phone, join_date, password, role) VALUES (51, 'a', 'a', 'lorem@ipsum.com', '+2010000001', '2023-12-26 21:30:21.368062', '$2a$10$5MMeRvTFEmctnz/HTfZMxeYgDWux73W3rX5Be7Uw20SKBbLXxyqim', 'USER');
INSERT INTO public.user_t (id, first_name, last_name, email, phone, join_date, password, role) VALUES (52, 'Ezequiel', 'Mustarde', 'emustarde0@japanpost.jp', '+62 214 162 4767', '2023-12-28 17:03:15.171842', 'eC0{Q7d2K,J1', 'USER');
INSERT INTO public.user_t (id, first_name, last_name, email, phone, join_date, password, role) VALUES (53, 'Louisa', 'Dutnell', 'ldutnell1@yahoo.co.jp', '+420 934 334 8214', '2023-12-28 17:03:15.438678', 'wP6,`U}j\h', 'USER');
INSERT INTO public.user_t (id, first_name, last_name, email, phone, join_date, password, role) VALUES (54, 'Gussie', 'Cocksedge', 'gcocksedge2@baidu.com', '+86 578 425 3289', '2023-12-28 17:03:15.696628', 'gX3!@afu)tW', 'USER');
INSERT INTO public.user_t (id, first_name, last_name, email, phone, join_date, password, role) VALUES (55, 'Haily', 'Kilius', 'hkilius3@nih.gov', '+63 370 163 3800', '2023-12-28 17:03:15.967853', 'pP6"6wA)zI''', 'USER');
INSERT INTO public.user_t (id, first_name, last_name, email, phone, join_date, password, role) VALUES (56, 'Doro', 'Norville', 'dnorville4@irs.gov', '+63 855 772 5535', '2023-12-28 17:03:16.245784', 'yZ1<I}>''oR!z2uv', 'USER');
INSERT INTO public.user_t (id, first_name, last_name, email, phone, join_date, password, role) VALUES (57, 'Brandais', 'Bosquet', 'bbosquet5@cargocollective.com', '+30 967 220 4344', '2023-12-28 17:03:16.515137', 'cV1_1"t<qL', 'USER');
INSERT INTO public.user_t (id, first_name, last_name, email, phone, join_date, password, role) VALUES (58, 'Brett', 'Thake', 'bthake6@angelfire.com', '+62 997 267 9372', '2023-12-28 17:03:16.771683', 'vU0_Bz''!|ywXjun', 'USER');
INSERT INTO public.user_t (id, first_name, last_name, email, phone, join_date, password, role) VALUES (59, 'Eleen', 'Beckers', 'ebeckers7@blog.com', '+372 629 995 5460', '2023-12-28 17:03:17.030725', 'eY6>d{E5|', 'USER');
INSERT INTO public.user_t (id, first_name, last_name, email, phone, join_date, password, role) VALUES (60, 'Heloise', 'Normanvill', 'hnormanvill8@dot.gov', '+7 204 533 0107', '2023-12-28 17:03:17.308071', 'tD9~?C6$sX', 'USER');
INSERT INTO public.user_t (id, first_name, last_name, email, phone, join_date, password, role) VALUES (61, 'Janet', 'Crissil', 'jcrissil9@homestead.com', '+46 150 497 5500', '2023-12-28 17:03:17.565629', 'uA9=19/pbJyO{M', 'USER');
INSERT INTO public.user_t (id, first_name, last_name, email, phone, join_date, password, role) VALUES (62, 'Hattie', 'Lamberti', 'hlambertia@surveymonkey.com', '+680 407 508 8385', '2023-12-28 17:03:17.82064', 'uW3$IUKRT(', 'USER');
INSERT INTO public.user_t (id, first_name, last_name, email, phone, join_date, password, role) VALUES (63, 'Halsey', 'Eim', 'heimb@github.com', '+62 546 881 3944', '2023-12-28 17:03:18.071692', 'eP8}Mtv+a|N>tX0z', 'USER');
INSERT INTO public.user_t (id, first_name, last_name, email, phone, join_date, password, role) VALUES (64, 'Franchot', 'Langlois', 'flangloisc@networkadvertising.org', '+46 114 721 7698', '2023-12-28 17:03:18.357606', 'oG3&(z0n.', 'USER');
INSERT INTO public.user_t (id, first_name, last_name, email, phone, join_date, password, role) VALUES (65, 'Elnora', 'Cheater', 'echeaterd@google.com', '+1 943 267 2765', '2023-12-28 17:03:18.606591', 'lE8?2z+T_D', 'USER');
INSERT INTO public.user_t (id, first_name, last_name, email, phone, join_date, password, role) VALUES (66, 'Bobbi', 'McElvogue', 'bmcelvoguee@de.vu', '+64 152 988 7532', '2023-12-28 17:03:18.861821', 'vB4/@)*mp}FKb', 'USER');
INSERT INTO public.user_t (id, first_name, last_name, email, phone, join_date, password, role) VALUES (67, 'Trudi', 'O''Hederscoll', 'tohederscollf@comcast.net', '+48 247 913 2474', '2023-12-28 17:03:19.112478', 'zO5%XPIctm', 'USER');
INSERT INTO public.user_t (id, first_name, last_name, email, phone, join_date, password, role) VALUES (68, 'Nanny', 'Chatelain', 'nchatelaing@barnesandnoble.com', '+592 231 359 6231', '2023-12-28 17:03:19.362825', 'yR1>U+0cM.k', 'USER');
INSERT INTO public.user_t (id, first_name, last_name, email, phone, join_date, password, role) VALUES (69, 'Friedrick', 'Craney', 'fcraneyh@dailymotion.com', '+86 775 823 5859', '2023-12-28 17:03:19.611419', 'wR0~n4C8GWAu', 'USER');
INSERT INTO public.user_t (id, first_name, last_name, email, phone, join_date, password, role) VALUES (70, 'Tuck', 'Eisig', 'teisigi@earthlink.net', '+48 354 579 9299', '2023-12-28 17:03:19.866297', 'dZ8/c0$&C', 'USER');
INSERT INTO public.user_t (id, first_name, last_name, email, phone, join_date, password, role) VALUES (71, 'Desmund', 'Dursley', 'ddursleyj@sakura.ne.jp', '+237 819 853 9465', '2023-12-28 17:03:20.145217', 'lW4,BfB,,x&$', 'USER');
INSERT INTO public.user_t (id, first_name, last_name, email, phone, join_date, password, role) VALUES (72, 'Karia', 'Keppin', 'kkeppink@cbsnews.com', '+66 460 182 8160', '2023-12-28 17:03:20.44287', 'fL4)0S1~z', 'USER');
INSERT INTO public.user_t (id, first_name, last_name, email, phone, join_date, password, role) VALUES (73, 'Cort', 'Baniard', 'cbaniardl@deviantart.com', '+1 203 144 0852', '2023-12-28 17:03:20.767966', 'zU2|mq''`qK*lJB`f', 'USER');
INSERT INTO public.user_t (id, first_name, last_name, email, phone, join_date, password, role) VALUES (74, 'Shelly', 'Brunnen', 'sbrunnenm@yolasite.com', '+251 612 287 9139', '2023-12-28 17:03:21.107857', 'zG3''n}+T', 'USER');
INSERT INTO public.user_t (id, first_name, last_name, email, phone, join_date, password, role) VALUES (75, 'Agace', 'Prahl', 'aprahln@php.net', '+27 142 928 0337', '2023-12-28 17:03:21.362286', 'iU1#Fd!CD_`R', 'USER');
INSERT INTO public.user_t (id, first_name, last_name, email, phone, join_date, password, role) VALUES (76, 'Sayres', 'Bawden', 'sbawdeno@nba.com', '+351 354 217 4556', '2023-12-28 17:03:21.669991', 'wD4+|DISBYJN*t', 'USER');
INSERT INTO public.user_t (id, first_name, last_name, email, phone, join_date, password, role) VALUES (77, 'Adriaens', 'Whithalgh', 'awhithalghp@infoseek.co.jp', '+57 634 132 6431', '2023-12-28 17:03:21.9679', 'oK7$+PgEDTBnNcQ(', 'USER');
INSERT INTO public.user_t (id, first_name, last_name, email, phone, join_date, password, role) VALUES (78, 'Gwynne', 'Coysh', 'gcoyshq@wikipedia.org', '+351 696 346 6693', '2023-12-28 17:03:22.271925', 'iS7{<dWX$6"%KE', 'USER');
INSERT INTO public.user_t (id, first_name, last_name, email, phone, join_date, password, role) VALUES (79, 'Whit', 'Stubbley', 'wstubbleyr@smugmug.com', '+33 121 443 6255', '2023-12-28 17:03:22.52858', 'aP1$~~_1y+', 'USER');
INSERT INTO public.user_t (id, first_name, last_name, email, phone, join_date, password, role) VALUES (80, 'Tommy', 'Plant', 'tplants@fotki.com', '+992 247 300 7395', '2023-12-28 17:03:22.78', 'zZ7_U,OtEn', 'USER');
INSERT INTO public.user_t (id, first_name, last_name, email, phone, join_date, password, role) VALUES (81, 'Cyndy', 'Older', 'coldert@home.pl', '+62 418 435 0914', '2023-12-28 17:03:23.035702', 'dB7!#y>US', 'USER');
INSERT INTO public.user_t (id, first_name, last_name, email, phone, join_date, password, role) VALUES (82, 'Faun', 'Konert', 'fkonertu@noaa.gov', '+55 119 458 9052', '2023-12-28 17:03:23.28383', 'zC4&''s_4c&=', 'USER');
INSERT INTO public.user_t (id, first_name, last_name, email, phone, join_date, password, role) VALUES (83, 'Roosevelt', 'Malcolmson', 'rmalcolmsonv@over-blog.com', '+86 928 939 5836', '2023-12-28 17:03:23.533763', 'iR8*cC4.eG', 'USER');
INSERT INTO public.user_t (id, first_name, last_name, email, phone, join_date, password, role) VALUES (84, 'Inglebert', 'Gonnin', 'igonninw@nymag.com', '+7 305 155 9088', '2023-12-28 17:03:23.787189', 'bU7.cLsapr=S+.', 'USER');
INSERT INTO public.user_t (id, first_name, last_name, email, phone, join_date, password, role) VALUES (85, 'Bev', 'Lemmers', 'blemmersx@usnews.com', '+62 796 465 8946', '2023-12-28 17:03:24.055875', 'cD4@JSat', 'USER');
INSERT INTO public.user_t (id, first_name, last_name, email, phone, join_date, password, role) VALUES (86, 'Barbabas', 'Warrener', 'bwarrenery@w3.org', '+57 274 941 2426', '2023-12-28 17:03:24.31987', 'jL6{"<*g?', 'USER');
INSERT INTO public.user_t (id, first_name, last_name, email, phone, join_date, password, role) VALUES (87, 'Kylie', 'Dewing', 'kdewingz@miibeian.gov.cn', '+232 824 959 3474', '2023-12-28 17:03:24.580778', 'vV4%{uTVN', 'USER');
INSERT INTO public.user_t (id, first_name, last_name, email, phone, join_date, password, role) VALUES (88, 'Ollie', 'Pittson', 'opittson10@typepad.com', '+505 216 561 6507', '2023-12-28 17:03:24.843817', 'kR7?}fL+Qe0?8R`F', 'USER');
INSERT INTO public.user_t (id, first_name, last_name, email, phone, join_date, password, role) VALUES (89, 'Paulette', 'Kirlin', 'pkirlin11@mapquest.com', '+66 170 276 3705', '2023-12-28 17:03:25.09688', 'xX3}3POR}4.UY', 'USER');
INSERT INTO public.user_t (id, first_name, last_name, email, phone, join_date, password, role) VALUES (90, 'Lynnet', 'Lozano', 'llozano12@tinyurl.com', '+505 620 206 5565', '2023-12-28 17:03:25.359832', 'qJ4%0u~3@V6w5Hku', 'USER');
INSERT INTO public.user_t (id, first_name, last_name, email, phone, join_date, password, role) VALUES (91, 'Susi', 'Lax', 'slax13@narod.ru', '+86 576 653 2195', '2023-12-28 17:03:25.61592', 'jM7/WV\8SM', 'USER');
INSERT INTO public.user_t (id, first_name, last_name, email, phone, join_date, password, role) VALUES (92, 'Elton', 'Bartholat', 'ebartholat14@instagram.com', '+1 415 627 7346', '2023-12-28 17:03:25.881723', 'jH0~4i~7ZTF', 'USER');
INSERT INTO public.user_t (id, first_name, last_name, email, phone, join_date, password, role) VALUES (93, 'Roberta', 'Blenkinship', 'rblenkinship15@cam.ac.uk', '+63 688 152 5060', '2023-12-28 17:03:26.14167', 'vX9)djx#7zN_}E', 'USER');
INSERT INTO public.user_t (id, first_name, last_name, email, phone, join_date, password, role) VALUES (94, 'Darleen', 'Meiningen', 'dmeiningen16@nhs.uk', '+7 164 411 6182', '2023-12-28 17:03:26.394126', 'aR3(y|Y{j)O5', 'USER');
INSERT INTO public.user_t (id, first_name, last_name, email, phone, join_date, password, role) VALUES (95, 'Janette', 'Stanbro', 'jstanbro17@dell.com', '+81 434 477 6192', '2023-12-28 17:03:26.647839', 'oO3)*N2VA9', 'USER');
INSERT INTO public.user_t (id, first_name, last_name, email, phone, join_date, password, role) VALUES (96, 'Hiram', 'Bendley', 'hbendley18@ft.com', '+7 367 317 0929', '2023-12-28 17:03:26.909713', 'pJ9=q_M.Q$', 'USER');
INSERT INTO public.user_t (id, first_name, last_name, email, phone, join_date, password, role) VALUES (97, 'Gwendolyn', 'Osburn', 'gosburn19@redcross.org', '+63 560 349 6637', '2023-12-28 17:03:27.161863', 'oM0%U_+uS+!>A', 'USER');
INSERT INTO public.user_t (id, first_name, last_name, email, phone, join_date, password, role) VALUES (98, 'Hermine', 'Bridgman', 'hbridgman1a@hatena.ne.jp', '+62 132 596 4359', '2023-12-28 17:03:27.414563', 'jN8`TpoB&s0.', 'USER');
INSERT INTO public.user_t (id, first_name, last_name, email, phone, join_date, password, role) VALUES (99, 'Kerry', 'Senton', 'ksenton1b@so-net.ne.jp', '+389 471 506 7503', '2023-12-28 17:03:27.664688', 'sV3/8aPT3z))p', 'USER');
INSERT INTO public.user_t (id, first_name, last_name, email, phone, join_date, password, role) VALUES (100, 'Ingemar', 'Went', 'iwent1c@phoca.cz', '+504 203 365 3860', '2023-12-28 17:03:27.91207', 'nJ7*bfc`0', 'USER');
INSERT INTO public.user_t (id, first_name, last_name, email, phone, join_date, password, role) VALUES (101, 'Nikolas', 'Linne', 'nlinne1d@desdev.cn', '+57 503 590 5395', '2023-12-28 17:03:28.168947', 'qL5"caj$h', 'USER');
INSERT INTO public.user_t (id, first_name, last_name, email, phone, join_date, password, role) VALUES (102, 'Sibbie', 'Stallworth', 'sstallworth1e@nasa.gov', '+48 683 539 3601', '2023-12-28 17:03:28.423827', 'kJ1@{yMJ"?"U', 'USER');
INSERT INTO public.user_t (id, first_name, last_name, email, phone, join_date, password, role) VALUES (103, 'Veronica', 'Longland', 'vlongland1f@typepad.com', '+63 848 777 6085', '2023-12-28 17:03:28.675498', 'lV9~U5EF0Ihff"J', 'USER');
INSERT INTO public.user_t (id, first_name, last_name, email, phone, join_date, password, role) VALUES (104, 'Loreen', 'Guinn', 'lguinn1g@twitter.com', '+86 172 979 2777', '2023-12-28 17:03:28.923629', 'yA7=P"z8', 'USER');
INSERT INTO public.user_t (id, first_name, last_name, email, phone, join_date, password, role) VALUES (105, 'Wynn', 'Hollyer', 'whollyer1h@altervista.org', '+86 542 485 2472', '2023-12-28 17:03:29.170004', 'pP5|YKfFrB', 'USER');
INSERT INTO public.user_t (id, first_name, last_name, email, phone, join_date, password, role) VALUES (106, 'Almire', 'Corkill', 'acorkill1i@loc.gov', '+86 404 803 9820', '2023-12-28 17:03:29.418631', 'oS7{YXINy', 'USER');
INSERT INTO public.user_t (id, first_name, last_name, email, phone, join_date, password, role) VALUES (107, 'Thelma', 'MacNalley', 'tmacnalley1j@123-reg.co.uk', '+86 911 313 3054', '2023-12-28 17:03:29.66686', 'mS9@ZxjKP', 'USER');
INSERT INTO public.user_t (id, first_name, last_name, email, phone, join_date, password, role) VALUES (108, 'Marthena', 'Winsley', 'mwinsley1k@4shared.com', '+86 805 455 3963', '2023-12-28 17:03:29.91804', 'kT3..9KcOCZ.', 'USER');
INSERT INTO public.user_t (id, first_name, last_name, email, phone, join_date, password, role) VALUES (109, 'Trevar', 'Rickeard', 'trickeard1l@disqus.com', '+46 759 251 9167', '2023-12-28 17:03:30.165855', 'hJ1{9O7yq', 'USER');
INSERT INTO public.user_t (id, first_name, last_name, email, phone, join_date, password, role) VALUES (110, 'Moreen', 'Gavrielli', 'mgavrielli1m@newyorker.com', '+86 267 716 2472', '2023-12-28 17:03:30.417623', 'wC9=K)b3}!5', 'USER');
INSERT INTO public.user_t (id, first_name, last_name, email, phone, join_date, password, role) VALUES (111, 'Harper', 'Lumsden', 'hlumsden1n@weibo.com', '+228 825 668 0261', '2023-12-28 17:03:30.754193', 'qT6(0%ARx%oU', 'USER');
INSERT INTO public.user_t (id, first_name, last_name, email, phone, join_date, password, role) VALUES (112, 'Justinn', 'Fernehough', 'jfernehough1o@ocn.ne.jp', '+33 912 179 1744', '2023-12-28 17:03:31.060088', 'yX9@h/e9', 'USER');
INSERT INTO public.user_t (id, first_name, last_name, email, phone, join_date, password, role) VALUES (113, 'Dela', 'Perton', 'dperton1p@storify.com', '+86 214 679 8964', '2023-12-28 17:03:31.37182', 'tE0\m>*c}2', 'USER');
INSERT INTO public.user_t (id, first_name, last_name, email, phone, join_date, password, role) VALUES (114, 'Vevay', 'Castard', 'vcastard1q@tinypic.com', '+86 508 398 3556', '2023-12-28 17:03:31.671815', 'vR3&BWq)+', 'USER');
INSERT INTO public.user_t (id, first_name, last_name, email, phone, join_date, password, role) VALUES (115, 'Clevey', 'Bart', 'cbart1r@amazon.co.jp', '+7 858 401 4993', '2023-12-28 17:03:31.971869', 'cG0*gAliu$1D', 'USER');
INSERT INTO public.user_t (id, first_name, last_name, email, phone, join_date, password, role) VALUES (116, 'Maudie', 'Kmiec', 'mkmiec1s@plala.or.jp', '+48 321 272 1580', '2023-12-28 17:03:32.220699', 'iA8`F~<,Z)V9V', 'USER');
INSERT INTO public.user_t (id, first_name, last_name, email, phone, join_date, password, role) VALUES (117, 'Fairlie', 'Tourville', 'ftourville1t@amazonaws.com', '+27 622 306 1976', '2023-12-28 17:03:32.475836', 'nQ7''npCge', 'USER');
INSERT INTO public.user_t (id, first_name, last_name, email, phone, join_date, password, role) VALUES (118, 'Krista', 'Aimeric', 'kaimeric1u@over-blog.com', '+86 251 946 6253', '2023-12-28 17:03:32.749881', 'fU4$>ht9VJ0rM8', 'USER');
INSERT INTO public.user_t (id, first_name, last_name, email, phone, join_date, password, role) VALUES (119, 'Amata', 'Lampert', 'alampert1v@vimeo.com', '+62 668 124 6114', '2023-12-28 17:03:33.0075', 'iY9\5Q+Fh', 'USER');
INSERT INTO public.user_t (id, first_name, last_name, email, phone, join_date, password, role) VALUES (120, 'Avictor', 'MacAllester', 'amacallester1w@blogger.com', '+86 498 278 3223', '2023-12-28 17:03:33.271833', 'uI5''08TA6l,K', 'USER');
INSERT INTO public.user_t (id, first_name, last_name, email, phone, join_date, password, role) VALUES (121, 'Anabelle', 'Dudek', 'adudek1x@timesonline.co.uk', '+62 948 413 6909', '2023-12-28 17:03:33.529942', 'aH5!l}|Z''', 'USER');
INSERT INTO public.user_t (id, first_name, last_name, email, phone, join_date, password, role) VALUES (122, 'Rupert', 'Sibary', 'rsibary1y@spotify.com', '+54 703 771 5497', '2023-12-28 17:03:33.792295', 'fK4_D7q7FuC~', 'USER');
INSERT INTO public.user_t (id, first_name, last_name, email, phone, join_date, password, role) VALUES (123, 'Edy', 'Lubman', 'elubman1z@rakuten.co.jp', '+380 848 877 5076', '2023-12-28 17:03:34.044504', 'eZ7*STJEf.AZ', 'USER');
INSERT INTO public.user_t (id, first_name, last_name, email, phone, join_date, password, role) VALUES (124, 'Ford', 'Tolliday', 'ftolliday20@fotki.com', '+373 205 685 9505', '2023-12-28 17:03:34.299958', 'kC0$Xvf`Og>}', 'USER');
INSERT INTO public.user_t (id, first_name, last_name, email, phone, join_date, password, role) VALUES (125, 'Huberto', 'Keems', 'hkeems21@miitbeian.gov.cn', '+46 288 661 7556', '2023-12-28 17:03:34.571959', 'aK0)&(tzYlnD4', 'USER');
INSERT INTO public.user_t (id, first_name, last_name, email, phone, join_date, password, role) VALUES (126, 'Allsun', 'Duigenan', 'aduigenan22@wordpress.org', '+86 983 478 5974', '2023-12-28 17:03:34.835889', 'vJ1{m=\oM', 'USER');
INSERT INTO public.user_t (id, first_name, last_name, email, phone, join_date, password, role) VALUES (127, 'Franny', 'Wickett', 'fwickett23@icio.us', '+380 275 601 6143', '2023-12-28 17:03:35.101221', 'pI7<H*NN)+', 'USER');
INSERT INTO public.user_t (id, first_name, last_name, email, phone, join_date, password, role) VALUES (128, 'Cleve', 'Deverell', 'cdeverell24@blogtalkradio.com', '+995 583 246 1641', '2023-12-28 17:03:35.359839', 'nH7@?rGL&=fg#{l"', 'USER');
INSERT INTO public.user_t (id, first_name, last_name, email, phone, join_date, password, role) VALUES (129, 'Brianne', 'Worts', 'bworts25@rakuten.co.jp', '+237 144 694 2717', '2023-12-28 17:03:35.627108', 'dT1|+tRi*}H)L''o', 'USER');
INSERT INTO public.user_t (id, first_name, last_name, email, phone, join_date, password, role) VALUES (130, 'Augustina', 'Grahame', 'agrahame26@house.gov', '+7 146 293 9285', '2023-12-28 17:03:35.892106', 'dM1)E#l2J', 'USER');
INSERT INTO public.user_t (id, first_name, last_name, email, phone, join_date, password, role) VALUES (131, 'Caddric', 'Chillistone', 'cchillistone27@jalbum.net', '+970 624 899 9789', '2023-12-28 17:03:36.147075', 'gY3/N?.bc3,CDL', 'USER');
INSERT INTO public.user_t (id, first_name, last_name, email, phone, join_date, password, role) VALUES (132, 'Wilburt', 'Threader', 'wthreader28@furl.net', '+7 669 950 6142', '2023-12-28 17:03:36.402537', 'aM1_Jz/O', 'USER');
INSERT INTO public.user_t (id, first_name, last_name, email, phone, join_date, password, role) VALUES (133, 'Isidora', 'St. Aubyn', 'istaubyn29@bluehost.com', '+86 613 410 7271', '2023-12-28 17:03:36.659292', 'mR9(QjF(m!fKK', 'USER');
INSERT INTO public.user_t (id, first_name, last_name, email, phone, join_date, password, role) VALUES (134, 'Fanechka', 'Hellin', 'fhellin2a@springer.com', '+351 268 160 3149', '2023-12-28 17:03:36.91568', 'zC7&b!O+NF"Qi.\b', 'USER');
INSERT INTO public.user_t (id, first_name, last_name, email, phone, join_date, password, role) VALUES (135, 'Haily', 'Yockney', 'hyockney2b@tuttocitta.it', '+46 372 336 9839', '2023-12-28 17:03:37.170629', 'jL2+4f#_`+', 'USER');
INSERT INTO public.user_t (id, first_name, last_name, email, phone, join_date, password, role) VALUES (136, 'Mark', 'Girardot', 'mgirardot2c@reuters.com', '+86 268 948 1453', '2023-12-28 17:03:37.419823', 'tC7$)!a@,0DpKb/', 'USER');
INSERT INTO public.user_t (id, first_name, last_name, email, phone, join_date, password, role) VALUES (137, 'Orton', 'Phillpot', 'ophillpot2d@sogou.com', '+502 933 315 2219', '2023-12-28 17:03:37.667715', 'uI4|V0gn\ak`eN', 'USER');
INSERT INTO public.user_t (id, first_name, last_name, email, phone, join_date, password, role) VALUES (138, 'Artemas', 'Ramsdell', 'aramsdell2e@uiuc.edu', '+48 629 855 2264', '2023-12-28 17:03:37.930085', 'lJ6@h1/3', 'USER');
INSERT INTO public.user_t (id, first_name, last_name, email, phone, join_date, password, role) VALUES (139, 'Ewen', 'Heathcott', 'eheathcott2f@bluehost.com', '+420 328 437 1556', '2023-12-28 17:03:38.184535', 'fN4)%?Xs7', 'USER');
INSERT INTO public.user_t (id, first_name, last_name, email, phone, join_date, password, role) VALUES (140, 'Nara', 'Trittam', 'ntrittam2g@bizjournals.com', '+48 132 352 0499', '2023-12-28 17:03:38.441507', 'xF8!fm1Tpa|2r>B', 'USER');
INSERT INTO public.user_t (id, first_name, last_name, email, phone, join_date, password, role) VALUES (141, 'Kaia', 'Filippone', 'kfilippone2h@jiathis.com', '+27 129 590 4405', '2023-12-28 17:03:38.691941', 'pP8+\zKOhLY', 'USER');
INSERT INTO public.user_t (id, first_name, last_name, email, phone, join_date, password, role) VALUES (142, 'Meghann', 'McFeat', 'mmcfeat2i@rakuten.co.jp', '+86 739 471 1830', '2023-12-28 17:03:38.971869', 'aZ7.g{e4r}W', 'USER');
INSERT INTO public.user_t (id, first_name, last_name, email, phone, join_date, password, role) VALUES (143, 'Humfrey', 'Darington', 'hdarington2j@free.fr', '+62 668 181 5539', '2023-12-28 17:03:39.219005', 'lW3?eU(|L''"', 'USER');
INSERT INTO public.user_t (id, first_name, last_name, email, phone, join_date, password, role) VALUES (144, 'Pat', 'Nye', 'pnye2k@ow.ly', '+62 505 106 9247', '2023-12-28 17:03:39.468714', 'xU0~De`PP3', 'USER');
INSERT INTO public.user_t (id, first_name, last_name, email, phone, join_date, password, role) VALUES (145, 'Aldric', 'Olivetti', 'aolivetti2l@youtu.be', '+62 123 814 5665', '2023-12-28 17:03:39.712885', 'gM4=M0?Aj_', 'USER');
INSERT INTO public.user_t (id, first_name, last_name, email, phone, join_date, password, role) VALUES (146, 'Daile', 'Jarrad', 'djarrad2m@ifeng.com', '+55 125 847 2746', '2023-12-28 17:03:39.96156', 'xD4@2bWMSr?fu#`', 'USER');
INSERT INTO public.user_t (id, first_name, last_name, email, phone, join_date, password, role) VALUES (147, 'Sonnie', 'McDowall', 'smcdowall2n@unc.edu', '+86 854 140 1025', '2023-12-28 17:03:40.206039', 'lW9+PWWKoJK', 'USER');
INSERT INTO public.user_t (id, first_name, last_name, email, phone, join_date, password, role) VALUES (148, 'Obidiah', 'Alexandrescu', 'oalexandrescu2o@timesonline.co.uk', '+229 579 248 3508', '2023-12-28 17:03:40.455829', 'nO8}''\MiEtigm$a0', 'USER');
INSERT INTO public.user_t (id, first_name, last_name, email, phone, join_date, password, role) VALUES (149, 'Sissie', 'Ilyas', 'silyas2p@vistaprint.com', '+1 315 162 1965', '2023-12-28 17:03:40.73628', 'uM5>kEa(85ICv52', 'USER');
INSERT INTO public.user_t (id, first_name, last_name, email, phone, join_date, password, role) VALUES (150, 'Krystal', 'Yurkin', 'kyurkin2q@japanpost.jp', '+54 218 877 9379', '2023-12-28 17:03:40.991871', 'cN9!@*n\.5CuCYj', 'USER');
INSERT INTO public.user_t (id, first_name, last_name, email, phone, join_date, password, role) VALUES (151, 'Cristy', 'John', 'cjohn2r@desdev.cn', '+7 382 745 7529', '2023-12-28 17:03:41.371117', 'lM0#9OF~7Iky}bv', 'USER');
INSERT INTO public.user_t (id, first_name, last_name, email, phone, join_date, password, role) VALUES (152, 'Ardella', 'Blakeborough', 'ablakeborough2s@soundcloud.com', '+81 614 376 5754', '2023-12-28 17:03:41.647838', 'pT3`w@Y6OK3`', 'USER');
INSERT INTO public.user_t (id, first_name, last_name, email, phone, join_date, password, role) VALUES (153, 'Pren', 'Quarton', 'pquarton2t@printfriendly.com', '+359 567 553 4730', '2023-12-28 17:03:41.980773', 'mD3*?XdKR|9@AB`', 'USER');
INSERT INTO public.user_t (id, first_name, last_name, email, phone, join_date, password, role) VALUES (154, 'Darla', 'Kirgan', 'dkirgan2u@blog.com', '+1 214 673 7445', '2023-12-28 17:03:42.252611', 'mQ4?Ri=Rr6`Xy<1', 'USER');
INSERT INTO public.user_t (id, first_name, last_name, email, phone, join_date, password, role) VALUES (155, 'Arte', 'Challicombe', 'achallicombe2v@kickstarter.com', '+351 855 475 2370', '2023-12-28 17:03:42.499921', 'xN4$tOGV.hB9_th', 'USER');
INSERT INTO public.user_t (id, first_name, last_name, email, phone, join_date, password, role) VALUES (156, 'Clarie', 'Beckhurst', 'cbeckhurst2w@wordpress.org', '+62 329 949 8711', '2023-12-28 17:03:42.830711', 'mD0(7FN/', 'USER');
INSERT INTO public.user_t (id, first_name, last_name, email, phone, join_date, password, role) VALUES (157, 'Ambrosio', 'Dominey', 'adominey2x@blogspot.com', '+976 527 855 4403', '2023-12-28 17:03:43.077556', 'gU2+BLlqzT', 'USER');
INSERT INTO public.user_t (id, first_name, last_name, email, phone, join_date, password, role) VALUES (158, 'Eloise', 'Swindells', 'eswindells2y@squidoo.com', '+66 941 800 3229', '2023-12-28 17:03:43.326749', 'wN0,9E>f', 'USER');
INSERT INTO public.user_t (id, first_name, last_name, email, phone, join_date, password, role) VALUES (159, 'Allin', 'Sunderland', 'asunderland2z@sun.com', '+972 940 600 1770', '2023-12-28 17:03:43.575916', 'eK8$(|Rj)Zm7z6g', 'USER');
INSERT INTO public.user_t (id, first_name, last_name, email, phone, join_date, password, role) VALUES (160, 'Winfield', 'Arling', 'warling30@soundcloud.com', '+257 919 966 1146', '2023-12-28 17:03:43.840883', 'vT2_+x>94*uRX/', 'USER');
INSERT INTO public.user_t (id, first_name, last_name, email, phone, join_date, password, role) VALUES (161, 'Brandais', 'Fransemai', 'bfransemai31@webs.com', '+234 378 371 1267', '2023-12-28 17:03:44.086463', 'kB2+h{3)4V', 'USER');
INSERT INTO public.user_t (id, first_name, last_name, email, phone, join_date, password, role) VALUES (162, 'Aylmer', 'Pifford', 'apifford32@mapy.cz', '+30 293 128 4886', '2023-12-28 17:03:44.338157', 'rR0+IN<0c/$>', 'USER');
INSERT INTO public.user_t (id, first_name, last_name, email, phone, join_date, password, role) VALUES (163, 'Raffarty', 'Jerromes', 'rjerromes33@amazon.com', '+48 608 532 3751', '2023-12-28 17:03:44.858546', 'mS8$/q68', 'USER');
INSERT INTO public.user_t (id, first_name, last_name, email, phone, join_date, password, role) VALUES (164, 'Spenser', 'Sprackling', 'ssprackling34@webnode.com', '+62 924 263 6586', '2023-12-28 17:03:45.129295', 'iO7&#qw/''', 'USER');
INSERT INTO public.user_t (id, first_name, last_name, email, phone, join_date, password, role) VALUES (165, 'Tova', 'Harrad', 'tharrad35@biblegateway.com', '+385 871 448 2011', '2023-12-28 17:03:45.395699', 'iR5!"UHU_@(ZuU<', 'USER');
INSERT INTO public.user_t (id, first_name, last_name, email, phone, join_date, password, role) VALUES (166, 'Renault', 'Tratton', 'rtratton36@cornell.edu', '+86 973 834 8210', '2023-12-28 17:03:45.663848', 'vS9~z\nU', 'USER');
INSERT INTO public.user_t (id, first_name, last_name, email, phone, join_date, password, role) VALUES (167, 'Lulita', 'Edgecombe', 'ledgecombe37@1688.com', '+62 780 369 1269', '2023-12-28 17:03:45.917903', 'wA3&iY$yZ', 'USER');
INSERT INTO public.user_t (id, first_name, last_name, email, phone, join_date, password, role) VALUES (168, 'Benedick', 'Trunkfield', 'btrunkfield38@tuttocitta.it', '+992 684 572 6913', '2023-12-28 17:03:46.168576', 'tC3''lvn7_Bw''G8', 'USER');
INSERT INTO public.user_t (id, first_name, last_name, email, phone, join_date, password, role) VALUES (169, 'Mirabella', 'Yateman', 'myateman39@marketwatch.com', '+66 704 911 7411', '2023-12-28 17:03:46.483369', 'hK7))XUW', 'USER');
INSERT INTO public.user_t (id, first_name, last_name, email, phone, join_date, password, role) VALUES (170, 'Sim', 'Pynner', 'spynner3a@vimeo.com', '+86 272 419 0356', '2023-12-28 17:03:46.88784', 'fH0@60TqLGu}!/5f', 'USER');
INSERT INTO public.user_t (id, first_name, last_name, email, phone, join_date, password, role) VALUES (171, 'Charla', 'Kissick', 'ckissick3b@multiply.com', '+86 549 290 2056', '2023-12-28 17:03:47.243867', 'pP4~h!6a?yo2>YYI', 'USER');
INSERT INTO public.user_t (id, first_name, last_name, email, phone, join_date, password, role) VALUES (172, 'Ruthie', 'Ianizzi', 'rianizzi3c@yale.edu', '+269 550 718 8780', '2023-12-28 17:03:47.638632', 'lQ3(VG!EKs(''N', 'USER');
INSERT INTO public.user_t (id, first_name, last_name, email, phone, join_date, password, role) VALUES (173, 'Opal', 'Cradick', 'ocradick3d@reverbnation.com', '+64 577 503 0158', '2023-12-28 17:03:47.888239', 'mG4\JVD"%', 'USER');
INSERT INTO public.user_t (id, first_name, last_name, email, phone, join_date, password, role) VALUES (174, 'Chanda', 'Decaze', 'cdecaze3e@illinois.edu', '+385 577 940 3529', '2023-12-28 17:03:48.210062', 'kP6&9pnW"dg63', 'USER');
INSERT INTO public.user_t (id, first_name, last_name, email, phone, join_date, password, role) VALUES (175, 'Olivette', 'Mc Faul', 'omcfaul3f@printfriendly.com', '+55 197 853 9561', '2023-12-28 17:03:48.59374', 'cZ9,xm~Xn?3', 'USER');
INSERT INTO public.user_t (id, first_name, last_name, email, phone, join_date, password, role) VALUES (176, 'Annabell', 'Furman', 'afurman3g@squarespace.com', '+420 220 568 0390', '2023-12-28 17:03:48.840839', 'lL3.>T2Z70W', 'USER');
INSERT INTO public.user_t (id, first_name, last_name, email, phone, join_date, password, role) VALUES (177, 'Zuzana', 'Schwartz', 'zschwartz3h@xrea.com', '+353 944 353 7086', '2023-12-28 17:03:49.111086', 'bI7&L(gmG>jVf', 'USER');
INSERT INTO public.user_t (id, first_name, last_name, email, phone, join_date, password, role) VALUES (178, 'Borden', 'Betun', 'bbetun3i@whitehouse.gov', '+269 382 240 0363', '2023-12-28 17:03:49.379833', 'rR1!U>i&Jweb~N', 'USER');
INSERT INTO public.user_t (id, first_name, last_name, email, phone, join_date, password, role) VALUES (179, 'Sigismund', 'Richens', 'srichens3j@un.org', '+86 513 720 0065', '2023-12-28 17:03:49.628711', 'wU7@B2He', 'USER');
INSERT INTO public.user_t (id, first_name, last_name, email, phone, join_date, password, role) VALUES (180, 'York', 'Ranyard', 'yranyard3k@pcworld.com', '+86 693 712 7519', '2023-12-28 17:03:49.877164', 'sG4"o(Z/iX', 'USER');
INSERT INTO public.user_t (id, first_name, last_name, email, phone, join_date, password, role) VALUES (181, 'Kylie', 'McKnockiter', 'kmcknockiter3l@naver.com', '+234 612 779 6484', '2023-12-28 17:03:50.138052', 'sB2|9wj#dZu!Y/}/', 'USER');
INSERT INTO public.user_t (id, first_name, last_name, email, phone, join_date, password, role) VALUES (182, 'Eolande', 'Pretswell', 'epretswell3m@npr.org', '+506 628 713 6092', '2023-12-28 17:03:50.396398', 'nH4`k)gV''?', 'USER');
INSERT INTO public.user_t (id, first_name, last_name, email, phone, join_date, password, role) VALUES (183, 'Ahmad', 'Khalid', 'akhalid3n@cmu.edu', '+41 600 636 6209', '2023-12-28 17:03:50.695829', 'eC1%#l|D2', 'USER');
INSERT INTO public.user_t (id, first_name, last_name, email, phone, join_date, password, role) VALUES (184, 'Sibel', 'Ocheltree', 'socheltree3o@usgs.gov', '+386 957 405 3258', '2023-12-28 17:03:50.995493', 'pG9.m"dc1', 'USER');
INSERT INTO public.user_t (id, first_name, last_name, email, phone, join_date, password, role) VALUES (185, 'Augustine', 'Patters', 'apatters3p@mayoclinic.com', '+55 804 378 1452', '2023-12-28 17:03:51.242755', 'nK1/n<9r}F(T_', 'USER');
INSERT INTO public.user_t (id, first_name, last_name, email, phone, join_date, password, role) VALUES (186, 'Skipper', 'Mote', 'smote3q@mayoclinic.com', '+351 524 729 2165', '2023-12-28 17:03:51.491935', 'bN3_?a=#Yb%{', 'USER');
INSERT INTO public.user_t (id, first_name, last_name, email, phone, join_date, password, role) VALUES (187, 'Anna', 'Spark', 'aspark3r@mlb.com', '+52 343 436 9253', '2023-12-28 17:03:51.812003', 'yW0#0S2OkShC.', 'USER');
INSERT INTO public.user_t (id, first_name, last_name, email, phone, join_date, password, role) VALUES (188, 'Brent', 'Mattielli', 'bmattielli3s@goo.ne.jp', '+86 676 175 7743', '2023-12-28 17:03:52.070172', 'qR7|aKrHPwu#', 'USER');
INSERT INTO public.user_t (id, first_name, last_name, email, phone, join_date, password, role) VALUES (189, 'Kile', 'Muschette', 'kmuschette3t@mit.edu', '+57 682 542 4589', '2023-12-28 17:03:52.322042', 'mS3$2@rUA', 'USER');
INSERT INTO public.user_t (id, first_name, last_name, email, phone, join_date, password, role) VALUES (190, 'Hermann', 'Dymoke', 'hdymoke3u@google.ca', '+55 650 876 3273', '2023-12-28 17:03:52.667887', 'fQ4,fNkZb5Qcl~5', 'USER');
INSERT INTO public.user_t (id, first_name, last_name, email, phone, join_date, password, role) VALUES (191, 'Bent', 'Noden', 'bnoden3v@goo.ne.jp', '+63 678 605 0764', '2023-12-28 17:03:52.948736', 'mH3+ZXIBrEFbPx&', 'USER');
INSERT INTO public.user_t (id, first_name, last_name, email, phone, join_date, password, role) VALUES (192, 'Ramon', 'Easeman', 'reaseman3w@mysql.com', '+86 538 637 2423', '2023-12-28 17:03:53.190903', 'vK6=ffk&bpBx2!NB', 'USER');
INSERT INTO public.user_t (id, first_name, last_name, email, phone, join_date, password, role) VALUES (193, 'Jeane', 'Deveral', 'jdeveral3x@bbb.org', '+420 304 273 8298', '2023-12-28 17:03:53.439573', 'lU3{7,Lz', 'USER');
INSERT INTO public.user_t (id, first_name, last_name, email, phone, join_date, password, role) VALUES (194, 'Aharon', 'Cornill', 'acornill3y@sfgate.com', '+389 989 893 8565', '2023-12-28 17:03:53.686152', 'jP0<7~9p>GL', 'USER');
INSERT INTO public.user_t (id, first_name, last_name, email, phone, join_date, password, role) VALUES (195, 'Briny', 'Lyst', 'blyst3z@admin.ch', '+86 845 499 9873', '2023-12-28 17:03:53.93488', 'tT9@''btVum$sW', 'USER');
INSERT INTO public.user_t (id, first_name, last_name, email, phone, join_date, password, role) VALUES (196, 'Giulia', 'McDavid', 'gmcdavid40@mediafire.com', '+56 173 671 8463', '2023-12-28 17:03:54.183759', 'iH7**<axOvck', 'USER');
INSERT INTO public.user_t (id, first_name, last_name, email, phone, join_date, password, role) VALUES (197, 'Marcos', 'Utterson', 'mutterson41@youtube.com', '+420 333 889 2930', '2023-12-28 17:03:54.432972', 'jN8!WS84ryPknx&', 'USER');
INSERT INTO public.user_t (id, first_name, last_name, email, phone, join_date, password, role) VALUES (198, 'Coretta', 'Helis', 'chelis42@seesaa.net', '+62 119 667 6833', '2023-12-28 17:03:54.680015', 'pN7#I.8+n{g', 'USER');
INSERT INTO public.user_t (id, first_name, last_name, email, phone, join_date, password, role) VALUES (199, 'Shani', 'Duke', 'sduke43@bbc.co.uk', '+66 637 647 4824', '2023-12-28 17:03:54.935977', 'uB5_6VF_3>AxNC', 'USER');
INSERT INTO public.user_t (id, first_name, last_name, email, phone, join_date, password, role) VALUES (200, 'Christa', 'McLarens', 'cmclarens44@hexun.com', '+86 217 186 4819', '2023-12-28 17:03:55.183929', 'wE3/>9PI|', 'USER');
INSERT INTO public.user_t (id, first_name, last_name, email, phone, join_date, password, role) VALUES (201, 'Deane', 'Treece', 'dtreece45@gravatar.com', '+1 912 958 1246', '2023-12-28 17:03:55.471925', 'eN2%z0l,`3bL', 'USER');
INSERT INTO public.user_t (id, first_name, last_name, email, phone, join_date, password, role) VALUES (202, 'Addi', 'Mealing', 'amealing46@miitbeian.gov.cn', '+359 738 173 0371', '2023-12-28 17:03:55.72623', 'jB4=hwCn>', 'USER');
INSERT INTO public.user_t (id, first_name, last_name, email, phone, join_date, password, role) VALUES (203, 'Upton', 'Langford', 'ulangford47@studiopress.com', '+380 693 226 4362', '2023-12-28 17:03:55.98351', 'xI5>Cs{9}\W', 'USER');
INSERT INTO public.user_t (id, first_name, last_name, email, phone, join_date, password, role) VALUES (204, 'Magdaia', 'Sharkey', 'msharkey48@sogou.com', '+372 347 929 6368', '2023-12-28 17:03:56.226842', 'iZ4~Uc8sC', 'USER');
INSERT INTO public.user_t (id, first_name, last_name, email, phone, join_date, password, role) VALUES (205, 'Sisile', 'Durn', 'sdurn49@amazon.com', '+976 944 395 7829', '2023-12-28 17:03:56.475854', 'lW9!=|9H', 'USER');
INSERT INTO public.user_t (id, first_name, last_name, email, phone, join_date, password, role) VALUES (206, 'Willi', 'Klimecki', 'wklimecki4a@yale.edu', '+46 580 832 6495', '2023-12-28 17:03:56.733928', 'lH2!d)''e27zE*Q~i', 'USER');
INSERT INTO public.user_t (id, first_name, last_name, email, phone, join_date, password, role) VALUES (207, 'Ilyssa', 'Klosser', 'iklosser4b@loc.gov', '+57 790 381 1409', '2023-12-28 17:03:56.97902', 'rV5`*84JlC@d', 'USER');
INSERT INTO public.user_t (id, first_name, last_name, email, phone, join_date, password, role) VALUES (208, 'Krishna', 'Rothchild', 'krothchild4c@reference.com', '+244 226 271 2478', '2023-12-28 17:03:57.226896', 'fA5<T6''IWqd+', 'USER');
INSERT INTO public.user_t (id, first_name, last_name, email, phone, join_date, password, role) VALUES (209, 'Penny', 'Kimmerling', 'pkimmerling4d@hugedomains.com', '+351 395 181 9375', '2023-12-28 17:03:57.476462', 'uO7{MlvY', 'USER');
INSERT INTO public.user_t (id, first_name, last_name, email, phone, join_date, password, role) VALUES (210, 'Arin', 'Shortt', 'ashortt4e@aol.com', '+269 409 124 2928', '2023-12-28 17:03:57.724194', 'xH4./=*a%Ka2n', 'USER');
INSERT INTO public.user_t (id, first_name, last_name, email, phone, join_date, password, role) VALUES (211, 'Becca', 'Rosedale', 'brosedale4f@ameblo.jp', '+39 497 792 0156', '2023-12-28 17:03:57.975832', 'fD9>YS.?Rm', 'USER');
INSERT INTO public.user_t (id, first_name, last_name, email, phone, join_date, password, role) VALUES (212, 'Kalil', 'Inns', 'kinns4g@newsvine.com', '+27 739 456 9920', '2023-12-28 17:03:58.218628', 'kM1.(">+>0r', 'USER');
INSERT INTO public.user_t (id, first_name, last_name, email, phone, join_date, password, role) VALUES (213, 'Anny', 'Dumphreys', 'adumphreys4h@wiley.com', '+7 335 463 1841', '2023-12-28 17:03:58.462786', 'eG8=5&H4E?', 'USER');
INSERT INTO public.user_t (id, first_name, last_name, email, phone, join_date, password, role) VALUES (214, 'Jobina', 'Cranage', 'jcranage4i@w3.org', '+7 929 788 7421', '2023-12-28 17:03:58.705776', 'kR2@a~`k', 'USER');
INSERT INTO public.user_t (id, first_name, last_name, email, phone, join_date, password, role) VALUES (215, 'Ricca', 'Whitefoot', 'rwhitefoot4j@tiny.cc', '+1 743 866 4048', '2023-12-28 17:03:58.948867', 'dX9$T|uZ', 'USER');
INSERT INTO public.user_t (id, first_name, last_name, email, phone, join_date, password, role) VALUES (216, 'Micki', 'Revie', 'mrevie4k@printfriendly.com', '+967 588 903 5275', '2023-12-28 17:03:59.202849', 'tH0@hs''.ps', 'USER');
INSERT INTO public.user_t (id, first_name, last_name, email, phone, join_date, password, role) VALUES (217, 'Miltie', 'Slott', 'mslott4l@studiopress.com', '+86 187 991 1135', '2023-12-28 17:03:59.455865', 'tQ9*D5j?#rx@F6m/', 'USER');
INSERT INTO public.user_t (id, first_name, last_name, email, phone, join_date, password, role) VALUES (218, 'Wilone', 'Thripp', 'wthripp4m@virginia.edu', '+53 116 463 9476', '2023-12-28 17:03:59.698674', 'vB2"1''h|f', 'USER');
INSERT INTO public.user_t (id, first_name, last_name, email, phone, join_date, password, role) VALUES (219, 'Jennilee', 'Spafford', 'jspafford4n@is.gd', '+66 984 363 6872', '2023-12-28 17:03:59.941806', 'vM7~#0p/#_Q4', 'USER');
INSERT INTO public.user_t (id, first_name, last_name, email, phone, join_date, password, role) VALUES (220, 'Patricia', 'Manners', 'pmanners4o@amazon.co.jp', '+1 307 877 7538', '2023-12-28 17:04:00.184792', 'wH4$"S\pf#j', 'USER');
INSERT INTO public.user_t (id, first_name, last_name, email, phone, join_date, password, role) VALUES (221, 'Hy', 'Tanzig', 'htanzig4p@issuu.com', '+855 653 529 4194', '2023-12-28 17:04:00.48485', 'xW8"sAvh3"gx', 'USER');
INSERT INTO public.user_t (id, first_name, last_name, email, phone, join_date, password, role) VALUES (222, 'Brittaney', 'Fritschmann', 'bfritschmann4q@noaa.gov', '+82 839 818 2301', '2023-12-28 17:04:00.767842', 'xG9\olF8#8eQ1m', 'USER');
INSERT INTO public.user_t (id, first_name, last_name, email, phone, join_date, password, role) VALUES (223, 'Wendie', 'Vanyushkin', 'wvanyushkin4r@loc.gov', '+27 381 443 0292', '2023-12-28 17:04:01.067824', 'uA1+aJrauJMI', 'USER');
INSERT INTO public.user_t (id, first_name, last_name, email, phone, join_date, password, role) VALUES (224, 'Elston', 'McFaell', 'emcfaell4s@reuters.com', '+420 262 764 9602', '2023-12-28 17:04:01.371814', 'kF9!><4)5/', 'USER');
INSERT INTO public.user_t (id, first_name, last_name, email, phone, join_date, password, role) VALUES (225, 'Babs', 'Francello', 'bfrancello4t@php.net', '+351 800 306 3235', '2023-12-28 17:04:01.647752', 'sR3(lv(z3{SmO"Uj', 'USER');
INSERT INTO public.user_t (id, first_name, last_name, email, phone, join_date, password, role) VALUES (226, 'Damaris', 'Skill', 'dskill4u@tmall.com', '+63 936 792 3308', '2023-12-28 17:04:01.956091', 'rM7}&*sR', 'USER');
INSERT INTO public.user_t (id, first_name, last_name, email, phone, join_date, password, role) VALUES (227, 'Edeline', 'Meadway', 'emeadway4v@sfgate.com', '+7 333 112 0022', '2023-12-28 17:04:02.271866', 'iY6((ia7~"$<p\', 'USER');
INSERT INTO public.user_t (id, first_name, last_name, email, phone, join_date, password, role) VALUES (228, 'Petronella', 'Verlinde', 'pverlinde4w@yale.edu', '+62 349 171 2970', '2023-12-28 17:04:02.567909', 'yD8..YpJXr', 'USER');
INSERT INTO public.user_t (id, first_name, last_name, email, phone, join_date, password, role) VALUES (229, 'Johny', 'Zanioletti', 'jzanioletti4x@ask.com', '+1 388 865 1217', '2023-12-28 17:04:02.844864', 'xS1`|=e5Xh', 'USER');
INSERT INTO public.user_t (id, first_name, last_name, email, phone, join_date, password, role) VALUES (230, 'Stacey', 'Orcott', 'sorcott4y@360.cn', '+33 973 887 9560', '2023-12-28 17:04:03.095266', 'jP7(X#~=P', 'USER');
INSERT INTO public.user_t (id, first_name, last_name, email, phone, join_date, password, role) VALUES (231, 'Umberto', 'MacFarlan', 'umacfarlan4z@china.com.cn', '+51 302 396 2919', '2023-12-28 17:04:03.342937', 'pR7\$p)#c', 'USER');
INSERT INTO public.user_t (id, first_name, last_name, email, phone, join_date, password, role) VALUES (232, 'Odelia', 'Tuffey', 'otuffey50@blinklist.com', '+48 507 807 3519', '2023-12-28 17:04:03.591866', 'qS5&Mr+jn8', 'USER');
INSERT INTO public.user_t (id, first_name, last_name, email, phone, join_date, password, role) VALUES (233, 'Merola', 'Fallon', 'mfallon51@blog.com', '+7 436 286 6280', '2023-12-28 17:04:03.837995', 'sI7&T<Aq(u%R|F', 'USER');
INSERT INTO public.user_t (id, first_name, last_name, email, phone, join_date, password, role) VALUES (234, 'Brit', 'Farland', 'bfarland52@home.pl', '+1 288 141 3897', '2023-12-28 17:04:04.083837', 'rS1{h5D+q', 'USER');
INSERT INTO public.user_t (id, first_name, last_name, email, phone, join_date, password, role) VALUES (235, 'Gradeigh', 'Richardet', 'grichardet53@newsvine.com', '+63 565 105 4111', '2023-12-28 17:04:04.327076', 'lH6<t`\*+Owd', 'USER');
INSERT INTO public.user_t (id, first_name, last_name, email, phone, join_date, password, role) VALUES (236, 'Karyn', 'Kitchingham', 'kkitchingham54@businessweek.com', '+216 728 455 0078', '2023-12-28 17:04:04.574156', 'wJ7=De47zlg,&1', 'USER');
INSERT INTO public.user_t (id, first_name, last_name, email, phone, join_date, password, role) VALUES (237, 'Paten', 'Stainland', 'pstainland55@blogs.com', '+386 902 953 2504', '2023-12-28 17:04:04.826918', 'qT8&v",{?', 'USER');
INSERT INTO public.user_t (id, first_name, last_name, email, phone, join_date, password, role) VALUES (238, 'Silvia', 'Stripp', 'sstripp56@uol.com.br', '+359 603 130 6280', '2023-12-28 17:04:05.071819', 'xS8<9BVAib.DdLX*', 'USER');
INSERT INTO public.user_t (id, first_name, last_name, email, phone, join_date, password, role) VALUES (239, 'Davine', 'Bobasch', 'dbobasch57@free.fr', '+57 562 275 5899', '2023-12-28 17:04:05.314246', 'iN6%{oQ=9', 'USER');
INSERT INTO public.user_t (id, first_name, last_name, email, phone, join_date, password, role) VALUES (240, 'Elonore', 'MattiCCI', 'ematticci58@lycos.com', '+244 209 375 1910', '2023-12-28 17:04:05.562719', 'zJ4!0`dF91.1', 'USER');
INSERT INTO public.user_t (id, first_name, last_name, email, phone, join_date, password, role) VALUES (241, 'Annora', 'Hearl', 'ahearl59@disqus.com', '+63 769 133 6729', '2023-12-28 17:04:05.807101', 'mO5=Z(nTO=%OL+', 'USER');
INSERT INTO public.user_t (id, first_name, last_name, email, phone, join_date, password, role) VALUES (242, 'Collette', 'Notti', 'cnotti5a@tuttocitta.it', '+374 696 262 3326', '2023-12-28 17:04:06.059719', 'xB5!,5FdHu~ah', 'USER');
INSERT INTO public.user_t (id, first_name, last_name, email, phone, join_date, password, role) VALUES (243, 'Ferdinande', 'Cloney', 'fcloney5b@dmoz.org', '+33 849 653 9180', '2023-12-28 17:04:06.303827', 'jA3\c=POL%pQ2', 'USER');
INSERT INTO public.user_t (id, first_name, last_name, email, phone, join_date, password, role) VALUES (244, 'Arlinda', 'Hynde', 'ahynde5c@amazonaws.com', '+976 287 587 5769', '2023-12-28 17:04:06.557042', 'vK7<@HLj5ba$u?w0', 'USER');
INSERT INTO public.user_t (id, first_name, last_name, email, phone, join_date, password, role) VALUES (245, 'Caresa', 'Kerkham', 'ckerkham5d@nps.gov', '+30 491 281 3046', '2023-12-28 17:04:06.799807', 'xF9.f#kPJfGg)`u', 'USER');
INSERT INTO public.user_t (id, first_name, last_name, email, phone, join_date, password, role) VALUES (246, 'Fernandina', 'Sarre', 'fsarre5e@webmd.com', '+27 345 148 7914', '2023-12-28 17:04:07.064753', 'kC2/L*53l2lD', 'USER');
INSERT INTO public.user_t (id, first_name, last_name, email, phone, join_date, password, role) VALUES (247, 'Allyce', 'MacEllen', 'amacellen5f@ucoz.com', '+86 705 835 7189', '2023-12-28 17:04:07.309718', 'yE2=#TnH|@', 'USER');
INSERT INTO public.user_t (id, first_name, last_name, email, phone, join_date, password, role) VALUES (248, 'Ddene', 'Greystock', 'dgreystock5g@economist.com', '+963 290 985 6162', '2023-12-28 17:04:07.552172', 'oX4>Q<m6oa', 'USER');
INSERT INTO public.user_t (id, first_name, last_name, email, phone, join_date, password, role) VALUES (249, 'Bevin', 'Lantoph', 'blantoph5h@com.com', '+55 884 272 2506', '2023-12-28 17:04:07.796675', 'aV2="wS~vW1>|%c', 'USER');
INSERT INTO public.user_t (id, first_name, last_name, email, phone, join_date, password, role) VALUES (250, 'Rex', 'Blonfield', 'rblonfield5i@oracle.com', '+7 561 644 8874', '2023-12-28 17:04:08.039191', 'gQ1~IOAO''U0l', 'USER');
INSERT INTO public.user_t (id, first_name, last_name, email, phone, join_date, password, role) VALUES (251, 'Neely', 'Banck', 'nbanck5j@newsvine.com', '+7 356 496 8848', '2023-12-28 17:04:08.287', 'lI5\LQbSct.y''R', 'USER');
INSERT INTO public.user_t (id, first_name, last_name, email, phone, join_date, password, role) VALUES (252, 'Carolyn', 'Ledley', 'cledley5k@4shared.com', '+86 722 290 0726', '2023-12-28 17:04:08.533056', 'vD8+(y@%', 'USER');
INSERT INTO public.user_t (id, first_name, last_name, email, phone, join_date, password, role) VALUES (253, 'Eadie', 'Lerhinan', 'elerhinan5l@independent.co.uk', '+389 550 806 2860', '2023-12-28 17:04:08.774301', 'vG1`nG<AY+', 'USER');
INSERT INTO public.user_t (id, first_name, last_name, email, phone, join_date, password, role) VALUES (254, 'Almeda', 'Snedden', 'asnedden5m@ycombinator.com', '+504 806 725 8647', '2023-12-28 17:04:09.019966', 'rY7''`SuNAo.(', 'USER');
INSERT INTO public.user_t (id, first_name, last_name, email, phone, join_date, password, role) VALUES (255, 'Staford', 'Stouther', 'sstouther5n@sfgate.com', '+850 579 712 8278', '2023-12-28 17:04:09.265799', 'wP1,J#L$s\v*8''I', 'USER');
INSERT INTO public.user_t (id, first_name, last_name, email, phone, join_date, password, role) VALUES (256, 'Malina', 'Gawthrop', 'mgawthrop5o@sphinn.com', '+30 190 359 1570', '2023-12-28 17:04:09.511844', 'xW5"x2|0', 'USER');
INSERT INTO public.user_t (id, first_name, last_name, email, phone, join_date, password, role) VALUES (257, 'Dorella', 'Nazer', 'dnazer5p@gnu.org', '+86 959 339 9282', '2023-12-28 17:04:09.756127', 'vQ4+i@sQd>tOQ', 'USER');
INSERT INTO public.user_t (id, first_name, last_name, email, phone, join_date, password, role) VALUES (258, 'Sher', 'Barbie', 'sbarbie5q@google.com.br', '+62 349 808 2079', '2023-12-28 17:04:09.997893', 'jT0!{eY7|''BM', 'USER');
INSERT INTO public.user_t (id, first_name, last_name, email, phone, join_date, password, role) VALUES (259, 'Sibyl', 'McCroft', 'smccroft5r@auda.org.au', '+86 847 838 7267', '2023-12-28 17:04:10.243849', 'tC7={0v*', 'USER');
INSERT INTO public.user_t (id, first_name, last_name, email, phone, join_date, password, role) VALUES (260, 'Elisa', 'Sainte Paul', 'esaintepaul5s@amazon.com', '+86 462 249 4888', '2023-12-28 17:04:10.502733', 'jI9{`UzC~LH', 'USER');
INSERT INTO public.user_t (id, first_name, last_name, email, phone, join_date, password, role) VALUES (261, 'Martino', 'Huge', 'mhuge5t@forbes.com', '+57 385 699 2497', '2023-12-28 17:04:10.745728', 'eP4)+U1%8K)@a&2', 'USER');
INSERT INTO public.user_t (id, first_name, last_name, email, phone, join_date, password, role) VALUES (262, 'Letta', 'Leitche', 'lleitche5u@about.com', '+48 665 541 2636', '2023-12-28 17:04:10.991588', 'qG4`3O{sw*H.J\', 'USER');
INSERT INTO public.user_t (id, first_name, last_name, email, phone, join_date, password, role) VALUES (263, 'Sella', 'Akast', 'sakast5v@hao123.com', '+86 417 816 8316', '2023-12-28 17:04:11.268279', 'jA9\H9PkF8TM2', 'USER');
INSERT INTO public.user_t (id, first_name, last_name, email, phone, join_date, password, role) VALUES (264, 'Barnett', 'Domanski', 'bdomanski5w@cbsnews.com', '+234 551 474 5397', '2023-12-28 17:04:11.531828', 'iC9/z*<e_', 'USER');
INSERT INTO public.user_t (id, first_name, last_name, email, phone, join_date, password, role) VALUES (265, 'Nicky', 'Dominetti', 'ndominetti5x@hhs.gov', '+251 686 830 1291', '2023-12-28 17:04:11.781834', 'kQ4}B@6!<8|Ox', 'USER');
INSERT INTO public.user_t (id, first_name, last_name, email, phone, join_date, password, role) VALUES (266, 'Shaw', 'Blowick', 'sblowick5y@noaa.gov', '+86 752 582 0590', '2023-12-28 17:04:12.069397', 'jW8{QL4W`2', 'USER');
INSERT INTO public.user_t (id, first_name, last_name, email, phone, join_date, password, role) VALUES (267, 'Vance', 'Robardet', 'vrobardet5z@java.com', '+355 667 245 1916', '2023-12-28 17:04:12.372449', 'bI2\M"Q&S?', 'USER');
INSERT INTO public.user_t (id, first_name, last_name, email, phone, join_date, password, role) VALUES (268, 'Eli', 'Ambrozewicz', 'eambrozewicz60@sciencedaily.com', '+86 118 277 1637', '2023-12-28 17:04:12.668954', 'rZ9"f.+%FIyr+)', 'USER');
INSERT INTO public.user_t (id, first_name, last_name, email, phone, join_date, password, role) VALUES (269, 'Beverie', 'Mityukov', 'bmityukov61@yahoo.com', '+62 685 685 8918', '2023-12-28 17:04:12.95835', 'iP2+UYjY''g~', 'USER');
INSERT INTO public.user_t (id, first_name, last_name, email, phone, join_date, password, role) VALUES (270, 'Jan', 'Feragh', 'jferagh62@wikipedia.org', '+62 547 856 9013', '2023-12-28 17:04:13.204657', 'dF6,z2&7', 'USER');
INSERT INTO public.user_t (id, first_name, last_name, email, phone, join_date, password, role) VALUES (271, 'Vera', 'Sloegrave', 'vsloegrave63@nsw.gov.au', '+7 310 864 0328', '2023-12-28 17:04:13.445008', 'zF3<w(Q\4>kP`', 'USER');
INSERT INTO public.user_t (id, first_name, last_name, email, phone, join_date, password, role) VALUES (272, 'Stinky', 'Grishukov', 'sgrishukov64@auda.org.au', '+48 906 314 0814', '2023-12-28 17:04:13.691993', 'oP2&_}R"\,xnk@=G', 'USER');
INSERT INTO public.user_t (id, first_name, last_name, email, phone, join_date, password, role) VALUES (273, 'Noella', 'Mattaus', 'nmattaus65@amazon.com', '+86 562 322 7461', '2023-12-28 17:04:13.936457', 'wD9,W~)buVLJB?7', 'USER');
INSERT INTO public.user_t (id, first_name, last_name, email, phone, join_date, password, role) VALUES (274, 'Latrina', 'Cardello', 'lcardello66@goo.gl', '+33 777 618 0067', '2023-12-28 17:04:14.185923', 'jX4/dRc*r5O8_', 'USER');
INSERT INTO public.user_t (id, first_name, last_name, email, phone, join_date, password, role) VALUES (275, 'Charley', 'Godney', 'cgodney67@yellowpages.com', '+81 170 111 8162', '2023-12-28 17:04:14.426047', 'pC9+D"1(EW6$&', 'USER');
INSERT INTO public.user_t (id, first_name, last_name, email, phone, join_date, password, role) VALUES (276, 'Doe', 'Rawlingson', 'drawlingson68@is.gd', '+7 794 802 0699', '2023-12-28 17:04:14.670851', 'xF7}9~@Ikc,/r!>', 'USER');
INSERT INTO public.user_t (id, first_name, last_name, email, phone, join_date, password, role) VALUES (277, 'Marika', 'Creany', 'mcreany69@constantcontact.com', '+351 647 955 1917', '2023-12-28 17:04:14.912742', 'qZ8(}=gMHx+3N', 'USER');
INSERT INTO public.user_t (id, first_name, last_name, email, phone, join_date, password, role) VALUES (278, 'Selle', 'Lago', 'slago6a@yahoo.com', '+381 460 403 4571', '2023-12-28 17:04:15.157942', 'jR5><px(vP', 'USER');
INSERT INTO public.user_t (id, first_name, last_name, email, phone, join_date, password, role) VALUES (279, 'Daren', 'Dongles', 'ddongles6b@state.tx.us', '+33 480 609 5134', '2023-12-28 17:04:15.401316', 'eU7=mjmNSq', 'USER');
INSERT INTO public.user_t (id, first_name, last_name, email, phone, join_date, password, role) VALUES (280, 'Eunice', 'Lacaze', 'elacaze6c@wikispaces.com', '+86 542 730 7860', '2023-12-28 17:04:15.651827', 'iI7(|SsgaZ=7', 'USER');
INSERT INTO public.user_t (id, first_name, last_name, email, phone, join_date, password, role) VALUES (281, 'Raeann', 'Fydoe', 'rfydoe6d@xinhuanet.com', '+7 388 726 0585', '2023-12-28 17:04:15.89535', 'gV3"V1T)', 'USER');
INSERT INTO public.user_t (id, first_name, last_name, email, phone, join_date, password, role) VALUES (282, 'Corney', 'Storrier', 'cstorrier6e@tuttocitta.it', '+31 398 498 3376', '2023-12-28 17:04:16.14789', 'sF3%SvUC', 'USER');
INSERT INTO public.user_t (id, first_name, last_name, email, phone, join_date, password, role) VALUES (283, 'Waldon', 'Witherop', 'wwitherop6f@imdb.com', '+86 451 881 5157', '2023-12-28 17:04:16.399395', 'sD7{A7mj82>fa', 'USER');
INSERT INTO public.user_t (id, first_name, last_name, email, phone, join_date, password, role) VALUES (284, 'Aubry', 'Masdin', 'amasdin6g@1688.com', '+1 865 581 2704', '2023-12-28 17:04:16.659317', 'jD7=/Y?s', 'USER');
INSERT INTO public.user_t (id, first_name, last_name, email, phone, join_date, password, role) VALUES (285, 'Leona', 'Imlock', 'limlock6h@cmu.edu', '+63 856 805 9795', '2023-12-28 17:04:16.9027', 'lG4<~gvQ>AEDjl', 'USER');
INSERT INTO public.user_t (id, first_name, last_name, email, phone, join_date, password, role) VALUES (286, 'Cordula', 'Bowlas', 'cbowlas6i@fda.gov', '+48 765 468 0279', '2023-12-28 17:04:17.165964', 'nO5~5O<MUb', 'USER');
INSERT INTO public.user_t (id, first_name, last_name, email, phone, join_date, password, role) VALUES (287, 'Steven', 'Wreight', 'swreight6j@feedburner.com', '+86 287 695 1167', '2023-12-28 17:04:17.411935', 'hJ9|nQBQV\v{&)p/', 'USER');
INSERT INTO public.user_t (id, first_name, last_name, email, phone, join_date, password, role) VALUES (288, 'Jude', 'Ible', 'jible6k@clickbank.net', '+62 827 543 1483', '2023-12-28 17:04:17.665817', 'aW3/4U0=8#nH5', 'USER');
INSERT INTO public.user_t (id, first_name, last_name, email, phone, join_date, password, role) VALUES (289, 'Rabbi', 'Giovanazzi', 'rgiovanazzi6l@nature.com', '+62 995 333 6663', '2023-12-28 17:04:17.907014', 'gI7&@xjhUJ(n', 'USER');
INSERT INTO public.user_t (id, first_name, last_name, email, phone, join_date, password, role) VALUES (290, 'Dorice', 'Losebie', 'dlosebie6m@blinklist.com', '+54 210 871 5301', '2023-12-28 17:04:18.148343', 'uO8{=!cO{y2S+{?', 'USER');
INSERT INTO public.user_t (id, first_name, last_name, email, phone, join_date, password, role) VALUES (291, 'Montgomery', 'Guttridge', 'mguttridge6n@archive.org', '+7 599 986 7505', '2023-12-28 17:04:18.391835', 'dL1&Sq3alNG7gK', 'USER');
INSERT INTO public.user_t (id, first_name, last_name, email, phone, join_date, password, role) VALUES (292, 'Cacilia', 'Purdie', 'cpurdie6o@examiner.com', '+86 924 783 4472', '2023-12-28 17:04:18.641982', 'aK7@"o$@Z?|', 'USER');
INSERT INTO public.user_t (id, first_name, last_name, email, phone, join_date, password, role) VALUES (293, 'Gwyneth', 'Geater', 'ggeater6p@scribd.com', '+58 359 180 7966', '2023-12-28 17:04:18.884028', 'eS5.xF@imvO"=Rp9', 'USER');
INSERT INTO public.user_t (id, first_name, last_name, email, phone, join_date, password, role) VALUES (294, 'Guenna', 'Cullabine', 'gcullabine6q@netlog.com', '+504 885 329 7543', '2023-12-28 17:04:19.125929', 'pC2?gbjjBd*S,', 'USER');
INSERT INTO public.user_t (id, first_name, last_name, email, phone, join_date, password, role) VALUES (295, 'Merline', 'Girault', 'mgirault6r@123-reg.co.uk', '+55 130 741 3992', '2023-12-28 17:04:19.366705', 'hT4,RGUH!', 'USER');
INSERT INTO public.user_t (id, first_name, last_name, email, phone, join_date, password, role) VALUES (296, 'Marguerite', 'O'' Bee', 'mobee6s@blog.com', '+218 969 394 4838', '2023-12-28 17:04:19.608587', 'dC6,qaNc', 'USER');
INSERT INTO public.user_t (id, first_name, last_name, email, phone, join_date, password, role) VALUES (297, 'Eveline', 'Muncie', 'emuncie6t@histats.com', '+33 383 960 1719', '2023-12-28 17:04:19.849086', 'qO9#7Y?*Q', 'USER');
INSERT INTO public.user_t (id, first_name, last_name, email, phone, join_date, password, role) VALUES (298, 'Elsey', 'Di Ruggiero', 'ediruggiero6u@nytimes.com', '+86 560 824 8069', '2023-12-28 17:04:20.08894', 'zN1|gCi"Jq', 'USER');
INSERT INTO public.user_t (id, first_name, last_name, email, phone, join_date, password, role) VALUES (299, 'Beatriz', 'Bygreaves', 'bbygreaves6v@usnews.com', '+86 268 104 2652', '2023-12-28 17:04:20.331921', 'mU0''2`zYy', 'USER');
INSERT INTO public.user_t (id, first_name, last_name, email, phone, join_date, password, role) VALUES (300, 'Hadria', 'Barnard', 'hbarnard6w@npr.org', '+86 251 525 1270', '2023-12-28 17:04:20.574149', 'rQ1''1Y/DO01jVcV', 'USER');
INSERT INTO public.user_t (id, first_name, last_name, email, phone, join_date, password, role) VALUES (301, 'Eloise', 'Ondrusek', 'eondrusek6x@yandex.ru', '+62 601 818 3432', '2023-12-28 17:04:20.871128', 'oX8!br+Z.', 'USER');
INSERT INTO public.user_t (id, first_name, last_name, email, phone, join_date, password, role) VALUES (302, 'Arabel', 'Crease', 'acrease6y@booking.com', '+48 802 519 1399', '2023-12-28 17:04:21.168173', 'mZ3?ozmgLiA8lBc', 'USER');
INSERT INTO public.user_t (id, first_name, last_name, email, phone, join_date, password, role) VALUES (303, 'Martino', 'Morot', 'mmorot6z@nyu.edu', '+20 905 226 5475', '2023-12-28 17:04:21.471817', 'zX0@qP+(PFh%', 'USER');
INSERT INTO public.user_t (id, first_name, last_name, email, phone, join_date, password, role) VALUES (304, 'Corbin', 'Keme', 'ckeme70@t.co', '+7 950 828 9104', '2023-12-28 17:04:21.771846', 'pC0@Gr)H+Uf~.', 'USER');
INSERT INTO public.user_t (id, first_name, last_name, email, phone, join_date, password, role) VALUES (305, 'Heinrik', 'Ambrozewicz', 'hambrozewicz71@tinypic.com', '+47 394 841 5205', '2023-12-28 17:04:22.067879', 'fN0$BszNXc', 'USER');
INSERT INTO public.user_t (id, first_name, last_name, email, phone, join_date, password, role) VALUES (306, 'Barris', 'Pighills', 'bpighills72@mediafire.com', '+255 296 832 5352', '2023-12-28 17:04:22.346989', 'wI3=Z`_sPF', 'USER');
INSERT INTO public.user_t (id, first_name, last_name, email, phone, join_date, password, role) VALUES (307, 'Gilbert', 'Rubinsztein', 'grubinsztein73@miitbeian.gov.cn', '+62 726 223 1296', '2023-12-28 17:04:22.671308', 'sC6>m,pB!c', 'USER');
INSERT INTO public.user_t (id, first_name, last_name, email, phone, join_date, password, role) VALUES (308, 'Cristal', 'Wharton', 'cwharton74@pcworld.com', '+62 773 135 1642', '2023-12-28 17:04:22.947288', 'zZ7''VS#hS"o|@qN', 'USER');
INSERT INTO public.user_t (id, first_name, last_name, email, phone, join_date, password, role) VALUES (309, 'Niels', 'Godwin', 'ngodwin75@indiegogo.com', '+7 455 668 3372', '2023-12-28 17:04:23.191925', 'uO8/VUZnjFCdx7O', 'USER');
INSERT INTO public.user_t (id, first_name, last_name, email, phone, join_date, password, role) VALUES (310, 'Karlene', 'Leech', 'kleech76@fotki.com', '+62 921 371 7777', '2023-12-28 17:04:23.435891', 'fB4|mPA|`Hz5Y', 'USER');
INSERT INTO public.user_t (id, first_name, last_name, email, phone, join_date, password, role) VALUES (311, 'Elisabeth', 'Wilsdon', 'ewilsdon77@spiegel.de', '+7 264 984 6826', '2023-12-28 17:04:23.695878', 'cI3"o<,wrYSC', 'USER');
INSERT INTO public.user_t (id, first_name, last_name, email, phone, join_date, password, role) VALUES (312, 'Yvonne', 'Jorry', 'yjorry78@weather.com', '+49 989 986 9927', '2023-12-28 17:04:23.942488', 'yI4/nwIxFS/DX@n', 'USER');
INSERT INTO public.user_t (id, first_name, last_name, email, phone, join_date, password, role) VALUES (313, 'Ellerey', 'Weepers', 'eweepers79@purevolume.com', '+62 520 204 4070', '2023-12-28 17:04:24.186066', 'eV6>4,oIj3', 'USER');
INSERT INTO public.user_t (id, first_name, last_name, email, phone, join_date, password, role) VALUES (314, 'Rickert', 'Ditt', 'rditt7a@house.gov', '+86 583 650 1676', '2023-12-28 17:04:24.437946', 'jZ6&y3Nek0|{Rk_M', 'USER');
INSERT INTO public.user_t (id, first_name, last_name, email, phone, join_date, password, role) VALUES (315, 'Christabella', 'MacNeice', 'cmacneice7b@cbsnews.com', '+86 953 132 7545', '2023-12-28 17:04:24.686772', 'cH7?T*)@wO9', 'USER');
INSERT INTO public.user_t (id, first_name, last_name, email, phone, join_date, password, role) VALUES (316, 'Gavrielle', 'Wrassell', 'gwrassell7c@marriott.com', '+30 356 843 9511', '2023-12-28 17:04:24.929205', 'pM6/1''Y=mfs?X>v%', 'USER');
INSERT INTO public.user_t (id, first_name, last_name, email, phone, join_date, password, role) VALUES (317, 'Nikaniki', 'Reina', 'nreina7d@cbc.ca', '+86 268 127 2277', '2023-12-28 17:04:25.170133', 'xY0#hPfq(!\S', 'USER');
INSERT INTO public.user_t (id, first_name, last_name, email, phone, join_date, password, role) VALUES (318, 'Gabby', 'McDonogh', 'gmcdonogh7e@photobucket.com', '+86 884 808 7621', '2023-12-28 17:04:25.42308', 'tO6}pC8X|Rtkp"|', 'USER');
INSERT INTO public.user_t (id, first_name, last_name, email, phone, join_date, password, role) VALUES (319, 'Conny', 'Demare', 'cdemare7f@tinypic.com', '+48 253 993 5774', '2023-12-28 17:04:25.666214', 'oI6_wZ>gS/MIAN', 'USER');
INSERT INTO public.user_t (id, first_name, last_name, email, phone, join_date, password, role) VALUES (320, 'Jennilee', 'Dukesbury', 'jdukesbury7g@liveinternet.ru', '+51 598 969 9850', '2023-12-28 17:04:25.906976', 'lT8)VX1VF''WXf`', 'USER');
INSERT INTO public.user_t (id, first_name, last_name, email, phone, join_date, password, role) VALUES (321, 'Marya', 'Speachley', 'mspeachley7h@engadget.com', '+33 788 455 3036', '2023-12-28 17:04:26.149972', 'aX7$_ApAS6Ft))H', 'USER');
INSERT INTO public.user_t (id, first_name, last_name, email, phone, join_date, password, role) VALUES (322, 'Pris', 'Bruni', 'pbruni7i@alexa.com', '+86 352 684 5153', '2023-12-28 17:04:26.393755', 'rP1|uSu0', 'USER');
INSERT INTO public.user_t (id, first_name, last_name, email, phone, join_date, password, role) VALUES (323, 'Emmie', 'Walduck', 'ewalduck7j@goo.ne.jp', '+86 230 842 0562', '2023-12-28 17:04:26.638937', 'uI7/&m_/xU<3', 'USER');
INSERT INTO public.user_t (id, first_name, last_name, email, phone, join_date, password, role) VALUES (324, 'Colline', 'Lynch', 'clynch7k@ucsd.edu', '+595 118 764 2823', '2023-12-28 17:04:26.883025', 'pT7''mQ@jJwU', 'USER');
INSERT INTO public.user_t (id, first_name, last_name, email, phone, join_date, password, role) VALUES (325, 'Zeke', 'Campsall', 'zcampsall7l@yellowbook.com', '+91 883 485 4755', '2023-12-28 17:04:27.131904', 'eW4>gCS9d=*aUzR', 'USER');
INSERT INTO public.user_t (id, first_name, last_name, email, phone, join_date, password, role) VALUES (326, 'Jillian', 'Trevena', 'jtrevena7m@intel.com', '+1 222 334 5069', '2023-12-28 17:04:27.390837', 'rI4''YuP=}mZ', 'USER');
INSERT INTO public.user_t (id, first_name, last_name, email, phone, join_date, password, role) VALUES (327, 'Donica', 'Hellin', 'dhellin7n@altervista.org', '+86 121 119 1833', '2023-12-28 17:04:27.639102', 'lV5<6}/GH+', 'USER');
INSERT INTO public.user_t (id, first_name, last_name, email, phone, join_date, password, role) VALUES (328, 'Willard', 'Mingotti', 'wmingotti7o@addtoany.com', '+55 585 810 5779', '2023-12-28 17:04:27.884508', 'zN9@''!.{D$', 'USER');
INSERT INTO public.user_t (id, first_name, last_name, email, phone, join_date, password, role) VALUES (329, 'Dorise', 'Biddles', 'dbiddles7p@vistaprint.com', '+62 319 115 3820', '2023-12-28 17:04:28.131834', 'eG0*waerL7`mP''', 'USER');
INSERT INTO public.user_t (id, first_name, last_name, email, phone, join_date, password, role) VALUES (330, 'Cory', 'Blonden', 'cblonden7q@mail.ru', '+994 658 544 8258', '2023-12-28 17:04:28.386557', 'aA1%K|&<KDUEe', 'USER');
INSERT INTO public.user_t (id, first_name, last_name, email, phone, join_date, password, role) VALUES (331, 'Darelle', 'Turmel', 'dturmel7r@tuttocitta.it', '+86 489 692 4286', '2023-12-28 17:04:28.635826', 'uB0%?Wf"_F|XQ3', 'USER');
INSERT INTO public.user_t (id, first_name, last_name, email, phone, join_date, password, role) VALUES (332, 'Bernette', 'Asif', 'basif7s@creativecommons.org', '+381 670 819 2236', '2023-12-28 17:04:28.883827', 'yZ6.aS#\Z)91B\|A', 'USER');
INSERT INTO public.user_t (id, first_name, last_name, email, phone, join_date, password, role) VALUES (333, 'Edeline', 'Itzcovich', 'eitzcovich7t@webmd.com', '+86 713 534 0143', '2023-12-28 17:04:29.130438', 'hH2>L1KG$Wwk', 'USER');
INSERT INTO public.user_t (id, first_name, last_name, email, phone, join_date, password, role) VALUES (334, 'Donny', 'Antic', 'dantic7u@patch.com', '+880 856 574 2568', '2023-12-28 17:04:29.374023', 'jD5<e@`1Oqv', 'USER');
INSERT INTO public.user_t (id, first_name, last_name, email, phone, join_date, password, role) VALUES (335, 'Raynor', 'Brombell', 'rbrombell7v@joomla.org', '+48 628 385 8168', '2023-12-28 17:04:29.642032', 'lJ8\%/dbI', 'USER');
INSERT INTO public.user_t (id, first_name, last_name, email, phone, join_date, password, role) VALUES (336, 'Art', 'Goodship', 'agoodship7w@ezinearticles.com', '+86 152 145 6711', '2023-12-28 17:04:29.939035', 'xC2=''JE!+', 'USER');
INSERT INTO public.user_t (id, first_name, last_name, email, phone, join_date, password, role) VALUES (337, 'Kelbee', 'Grishkov', 'kgrishkov7x@dmoz.org', '+420 792 807 9131', '2023-12-28 17:04:30.183825', 'aQ5._+E@', 'USER');
INSERT INTO public.user_t (id, first_name, last_name, email, phone, join_date, password, role) VALUES (338, 'Roanna', 'Edward', 'redward7y@people.com.cn', '+62 921 763 0456', '2023-12-28 17:04:30.452307', 'jG9''%V0s>S_d=H', 'USER');
INSERT INTO public.user_t (id, first_name, last_name, email, phone, join_date, password, role) VALUES (339, 'Zuzana', 'Jenney', 'zjenney7z@themeforest.net', '+7 256 319 5299', '2023-12-28 17:04:30.749011', 'sS6=dm*O', 'USER');
INSERT INTO public.user_t (id, first_name, last_name, email, phone, join_date, password, role) VALUES (340, 'Winny', 'Coopman', 'wcoopman80@si.edu', '+86 939 982 3497', '2023-12-28 17:04:31.070097', 'zT0/_.y|F', 'USER');
INSERT INTO public.user_t (id, first_name, last_name, email, phone, join_date, password, role) VALUES (341, 'Lenard', 'Youll', 'lyoull81@engadget.com', '+48 737 283 3736', '2023-12-28 17:04:31.371829', 'sW7?#io31<7g', 'USER');
INSERT INTO public.user_t (id, first_name, last_name, email, phone, join_date, password, role) VALUES (342, 'Yank', 'Elverston', 'yelverston82@163.com', '+62 187 595 1438', '2023-12-28 17:04:31.664065', 'jJ2,JhOi`=a', 'USER');
INSERT INTO public.user_t (id, first_name, last_name, email, phone, join_date, password, role) VALUES (343, 'Grissel', 'Buffy', 'gbuffy83@is.gd', '+86 204 792 7708', '2023-12-28 17:04:31.972375', 'tA1{Hi*3rt\Y', 'USER');
INSERT INTO public.user_t (id, first_name, last_name, email, phone, join_date, password, role) VALUES (344, 'Lesly', 'McVeigh', 'lmcveigh84@nsw.gov.au', '+63 876 608 0106', '2023-12-28 17:04:32.231818', 'zX5%G9cb', 'USER');
INSERT INTO public.user_t (id, first_name, last_name, email, phone, join_date, password, role) VALUES (345, 'Adelice', 'Goslin', 'agoslin85@sitemeter.com', '+355 922 644 7679', '2023-12-28 17:04:32.492393', 'eC6$J,(_{3r!#Gn', 'USER');
INSERT INTO public.user_t (id, first_name, last_name, email, phone, join_date, password, role) VALUES (346, 'Jennette', 'Hallede', 'jhallede86@pagesperso-orange.fr', '+33 846 702 9165', '2023-12-28 17:04:32.867883', 'fS0/K*)Lw', 'USER');
INSERT INTO public.user_t (id, first_name, last_name, email, phone, join_date, password, role) VALUES (347, 'Dietrich', 'McKinnon', 'dmckinnon87@vinaora.com', '+86 736 799 4546', '2023-12-28 17:04:33.110128', 'eH8"''Z|O*w>9?r', 'USER');
INSERT INTO public.user_t (id, first_name, last_name, email, phone, join_date, password, role) VALUES (348, 'Filmer', 'Blodg', 'fblodg88@apple.com', '+48 496 913 4727', '2023-12-28 17:04:33.36067', 'bW0<{}_~r1`&6H<''', 'USER');
INSERT INTO public.user_t (id, first_name, last_name, email, phone, join_date, password, role) VALUES (349, 'Shirleen', 'Tetther', 'stetther89@microsoft.com', '+62 999 513 9517', '2023-12-28 17:04:33.68848', 'qV3)j4gl!RIR!1', 'USER');
INSERT INTO public.user_t (id, first_name, last_name, email, phone, join_date, password, role) VALUES (350, 'Idell', 'Hedditeh', 'ihedditeh8a@sakura.ne.jp', '+46 807 532 0156', '2023-12-28 17:04:33.945487', 'nE6$SUq+{BgMl', 'USER');
INSERT INTO public.user_t (id, first_name, last_name, email, phone, join_date, password, role) VALUES (351, 'Nissa', 'Coppenhall', 'ncoppenhall8b@umich.edu', '+371 909 879 6001', '2023-12-28 17:04:34.22003', 'sG9,+kR4%', 'USER');
INSERT INTO public.user_t (id, first_name, last_name, email, phone, join_date, password, role) VALUES (352, 'Cecily', 'Merkel', 'cmerkel8c@home.pl', '+689 961 676 0024', '2023-12-28 17:04:34.470109', 'gR7''p2"F~', 'USER');
INSERT INTO public.user_t (id, first_name, last_name, email, phone, join_date, password, role) VALUES (353, 'Van', 'Robertson', 'vrobertson8d@csmonitor.com', '+212 545 518 1971', '2023-12-28 17:04:34.775076', 'eK1?V/KBz+bFv5%', 'USER');
INSERT INTO public.user_t (id, first_name, last_name, email, phone, join_date, password, role) VALUES (354, 'Jodi', 'Richemond', 'jrichemond8e@liveinternet.ru', '+261 584 880 4516', '2023-12-28 17:04:35.021128', 'eS4#WfVTel9h95.r', 'USER');
INSERT INTO public.user_t (id, first_name, last_name, email, phone, join_date, password, role) VALUES (355, 'Venita', 'Dirr', 'vdirr8f@goodreads.com', '+81 596 385 8665', '2023-12-28 17:04:35.279821', 'qQ2}}blsGO', 'USER');
INSERT INTO public.user_t (id, first_name, last_name, email, phone, join_date, password, role) VALUES (356, 'Renaldo', 'Blacket', 'rblacket8g@ucoz.ru', '+62 824 969 8265', '2023-12-28 17:04:35.525015', 'wJ4&sz=KZLg<zo<', 'USER');
INSERT INTO public.user_t (id, first_name, last_name, email, phone, join_date, password, role) VALUES (357, 'Kamillah', 'Hause', 'khause8h@salon.com', '+46 529 447 5033', '2023-12-28 17:04:35.770894', 'vA0)q}n.KYa{+', 'USER');
INSERT INTO public.user_t (id, first_name, last_name, email, phone, join_date, password, role) VALUES (358, 'Kennett', 'Belasco', 'kbelasco8i@fema.gov', '+269 274 730 4972', '2023-12-28 17:04:36.020425', 'aA9.U%47btED', 'USER');
INSERT INTO public.user_t (id, first_name, last_name, email, phone, join_date, password, role) VALUES (359, 'Dacie', 'Venturoli', 'dventuroli8j@nationalgeographic.com', '+263 367 782 4908', '2023-12-28 17:04:36.270514', 'iP5/Z@u5#j9o+7@0', 'USER');
INSERT INTO public.user_t (id, first_name, last_name, email, phone, join_date, password, role) VALUES (360, 'Hermann', 'Fortnam', 'hfortnam8k@sciencedirect.com', '+62 458 312 2797', '2023-12-28 17:04:36.527054', 'nG0|!#Az}L>1`v"', 'USER');
INSERT INTO public.user_t (id, first_name, last_name, email, phone, join_date, password, role) VALUES (361, 'Hilliard', 'Clancey', 'hclancey8l@woothemes.com', '+359 614 194 1958', '2023-12-28 17:04:36.771006', 'oT3$q$|@&v', 'USER');
INSERT INTO public.user_t (id, first_name, last_name, email, phone, join_date, password, role) VALUES (362, 'Nikita', 'McRuvie', 'nmcruvie8m@hc360.com', '+212 462 609 5769', '2023-12-28 17:04:37.015133', 'fG5,4\<@', 'USER');
INSERT INTO public.user_t (id, first_name, last_name, email, phone, join_date, password, role) VALUES (363, 'Giff', 'Burman', 'gburman8n@un.org', '+62 299 372 2233', '2023-12-28 17:04:37.276435', 'gG9''x9{u}a', 'USER');
INSERT INTO public.user_t (id, first_name, last_name, email, phone, join_date, password, role) VALUES (364, 'Shina', 'Chrichton', 'schrichton8o@vimeo.com', '+33 995 709 6902', '2023-12-28 17:04:37.53319', 'lM4_,|aBxs%=', 'USER');
INSERT INTO public.user_t (id, first_name, last_name, email, phone, join_date, password, role) VALUES (365, 'Olympe', 'Jouhning', 'ojouhning8p@diigo.com', '+55 444 813 6378', '2023-12-28 17:04:37.777522', 'uN5,2xkJ', 'USER');
INSERT INTO public.user_t (id, first_name, last_name, email, phone, join_date, password, role) VALUES (366, 'Vanny', 'Joddens', 'vjoddens8q@merriam-webster.com', '+1 919 277 5257', '2023-12-28 17:04:38.025078', 'bW5=rKl`I#$*n&', 'USER');
INSERT INTO public.user_t (id, first_name, last_name, email, phone, join_date, password, role) VALUES (367, 'Lindi', 'Sprulls', 'lsprulls8r@blogs.com', '+86 885 507 2990', '2023-12-28 17:04:38.273838', 'xQ9>B{/H)', 'USER');
INSERT INTO public.user_t (id, first_name, last_name, email, phone, join_date, password, role) VALUES (368, 'Alejandro', 'Ettery', 'aettery8s@yellowbook.com', '+58 893 316 0087', '2023-12-28 17:04:38.519837', 'kX7~1!LlgmALS', 'USER');
INSERT INTO public.user_t (id, first_name, last_name, email, phone, join_date, password, role) VALUES (369, 'Morty', 'Ellerton', 'mellerton8t@bbc.co.uk', '+46 252 679 5585', '2023-12-28 17:04:38.762931', 'aE0`L0B~xm24Z?L', 'USER');
INSERT INTO public.user_t (id, first_name, last_name, email, phone, join_date, password, role) VALUES (370, 'Thekla', 'Dugan', 'tdugan8u@i2i.jp', '+967 319 324 5987', '2023-12-28 17:04:39.006103', 'eL6~_\6*''Mwi', 'USER');
INSERT INTO public.user_t (id, first_name, last_name, email, phone, join_date, password, role) VALUES (371, 'Shelba', 'Isacsson', 'sisacsson8v@joomla.org', '+92 190 521 7005', '2023-12-28 17:04:39.253018', 'uF5+T|2!mPGIr|', 'USER');
INSERT INTO public.user_t (id, first_name, last_name, email, phone, join_date, password, role) VALUES (372, 'Jaynell', 'Steel', 'jsteel8w@about.com', '+62 880 508 9788', '2023-12-28 17:04:39.493873', 'qD6$1E5e9v?_', 'USER');
INSERT INTO public.user_t (id, first_name, last_name, email, phone, join_date, password, role) VALUES (373, 'Kelila', 'Wardle', 'kwardle8x@edublogs.org', '+62 188 469 2217', '2023-12-28 17:04:39.735162', 'jI9@_LZcp)p_PA3', 'USER');
INSERT INTO public.user_t (id, first_name, last_name, email, phone, join_date, password, role) VALUES (374, 'Meghann', 'Pickering', 'mpickering8y@cdbaby.com', '+1 230 233 5144', '2023-12-28 17:04:39.977968', 'kT2@''$I\%v', 'USER');
INSERT INTO public.user_t (id, first_name, last_name, email, phone, join_date, password, role) VALUES (375, 'Nanon', 'Kettles', 'nkettles8z@live.com', '+55 514 836 4830', '2023-12-28 17:04:40.227045', 'qW1'')xK{Sn', 'USER');
INSERT INTO public.user_t (id, first_name, last_name, email, phone, join_date, password, role) VALUES (376, 'Debbie', 'Hubbock', 'dhubbock90@about.com', '+31 743 446 4537', '2023-12-28 17:04:40.475813', 'qV7`XciHWHsc4', 'USER');
INSERT INTO public.user_t (id, first_name, last_name, email, phone, join_date, password, role) VALUES (377, 'Gonzalo', 'Bent', 'gbent91@free.fr', '+86 334 287 0915', '2023-12-28 17:04:40.749971', 'lK0@@yXZ+P1?Ut,', 'USER');
INSERT INTO public.user_t (id, first_name, last_name, email, phone, join_date, password, role) VALUES (378, 'Agatha', 'Hanwell', 'ahanwell92@hostgator.com', '+56 279 770 7201', '2023-12-28 17:04:41.07782', 'uJ2}X.wXA@~W)(K', 'USER');
INSERT INTO public.user_t (id, first_name, last_name, email, phone, join_date, password, role) VALUES (379, 'Win', 'Degoix', 'wdegoix93@pagesperso-orange.fr', '+48 152 439 2400', '2023-12-28 17:04:41.372503', 'lR9=0Yn''', 'USER');
INSERT INTO public.user_t (id, first_name, last_name, email, phone, join_date, password, role) VALUES (380, 'Emmalynn', 'Jaime', 'ejaime94@ocn.ne.jp', '+420 999 335 8899', '2023-12-28 17:04:41.643466', 'hD6_vybge2PL07''', 'USER');
INSERT INTO public.user_t (id, first_name, last_name, email, phone, join_date, password, role) VALUES (381, 'Emmi', 'Warmisham', 'ewarmisham95@telegraph.co.uk', '+86 854 930 0784', '2023-12-28 17:04:41.887812', 'mD5{@!V..''(4kb', 'USER');
INSERT INTO public.user_t (id, first_name, last_name, email, phone, join_date, password, role) VALUES (382, 'Neil', 'Ivakin', 'nivakin96@miitbeian.gov.cn', '+54 580 357 8525', '2023-12-28 17:04:42.210099', 'wS8`+"E@T$', 'USER');
INSERT INTO public.user_t (id, first_name, last_name, email, phone, join_date, password, role) VALUES (383, 'Torr', 'Towse', 'ttowse97@g.co', '+86 713 284 6691', '2023-12-28 17:04:42.453003', 'sR8`Z5pbLYMNYd', 'USER');
INSERT INTO public.user_t (id, first_name, last_name, email, phone, join_date, password, role) VALUES (384, 'Antonietta', 'Warne', 'awarne98@amazonaws.com', '+33 459 542 5251', '2023-12-28 17:04:42.728025', 'kZ9</fZ4''J(', 'USER');
INSERT INTO public.user_t (id, first_name, last_name, email, phone, join_date, password, role) VALUES (385, 'Garth', 'Sinderson', 'gsinderson99@delicious.com', '+48 705 874 9357', '2023-12-28 17:04:43.007379', 'fI4`dj~os&?', 'USER');
INSERT INTO public.user_t (id, first_name, last_name, email, phone, join_date, password, role) VALUES (386, 'Danny', 'Thomazet', 'dthomazet9a@independent.co.uk', '+36 748 331 0204', '2023-12-28 17:04:43.255198', 'dR3=UPVK"', 'USER');
INSERT INTO public.user_t (id, first_name, last_name, email, phone, join_date, password, role) VALUES (387, 'Tess', 'Keinrat', 'tkeinrat9b@wunderground.com', '+420 461 563 6515', '2023-12-28 17:04:43.496698', 'yY9.4+}}QG', 'USER');
INSERT INTO public.user_t (id, first_name, last_name, email, phone, join_date, password, role) VALUES (388, 'Kienan', 'Unitt', 'kunitt9c@imdb.com', '+63 786 523 6943', '2023-12-28 17:04:43.739158', 'dR6)63.k=="nBl', 'USER');
INSERT INTO public.user_t (id, first_name, last_name, email, phone, join_date, password, role) VALUES (389, 'Petrina', 'Stoate', 'pstoate9d@t-online.de', '+81 810 773 0586', '2023-12-28 17:04:43.986073', 'kG4?b5\$%', 'USER');
INSERT INTO public.user_t (id, first_name, last_name, email, phone, join_date, password, role) VALUES (390, 'Mike', 'Measom', 'mmeasom9e@latimes.com', '+880 603 631 8748', '2023-12-28 17:04:44.227085', 'uS3(RGNHj', 'USER');
INSERT INTO public.user_t (id, first_name, last_name, email, phone, join_date, password, role) VALUES (391, 'Kamila', 'Lambdin', 'klambdin9f@infoseek.co.jp', '+385 429 536 2575', '2023-12-28 17:04:44.473751', 'wK9!L3rwL,_OZ', 'USER');
INSERT INTO public.user_t (id, first_name, last_name, email, phone, join_date, password, role) VALUES (392, 'Nikola', 'Gherardesci', 'ngherardesci9g@google.nl', '+86 935 814 3360', '2023-12-28 17:04:44.718515', 'oO2''k!6p67./}', 'USER');
INSERT INTO public.user_t (id, first_name, last_name, email, phone, join_date, password, role) VALUES (393, 'Gussie', 'Leythley', 'gleythley9h@uol.com.br', '+420 735 976 6878', '2023-12-28 17:04:44.963032', 'sP0!"ve*3', 'USER');
INSERT INTO public.user_t (id, first_name, last_name, email, phone, join_date, password, role) VALUES (394, 'Farah', 'Van Son', 'fvanson9i@apple.com', '+976 931 750 2674', '2023-12-28 17:04:45.204333', 'aY2(E@s\N,', 'USER');
INSERT INTO public.user_t (id, first_name, last_name, email, phone, join_date, password, role) VALUES (395, 'Francis', 'Bragg', 'fbragg9j@woothemes.com', '+7 427 418 4537', '2023-12-28 17:04:45.472407', 'zX2?/h#I}"Ci\_', 'USER');
INSERT INTO public.user_t (id, first_name, last_name, email, phone, join_date, password, role) VALUES (396, 'Spencer', 'Hardcastle', 'shardcastle9k@marriott.com', '+63 108 109 0954', '2023-12-28 17:04:45.72222', 'yM6+,WUaS42qH8', 'USER');
INSERT INTO public.user_t (id, first_name, last_name, email, phone, join_date, password, role) VALUES (397, 'Kristel', 'Rakes', 'krakes9l@networksolutions.com', '+46 260 368 4616', '2023-12-28 17:04:45.971821', 'vN4|$u1D>HB$@RW', 'USER');
INSERT INTO public.user_t (id, first_name, last_name, email, phone, join_date, password, role) VALUES (398, 'Odette', 'Hatfull', 'ohatfull9m@ow.ly', '+7 564 944 6933', '2023-12-28 17:04:46.217366', 'qT0!uJFF0`FxO~f', 'USER');
INSERT INTO public.user_t (id, first_name, last_name, email, phone, join_date, password, role) VALUES (399, 'Jillian', 'Patkin', 'jpatkin9n@over-blog.com', '+359 585 887 3316', '2023-12-28 17:04:46.479831', 'zO6"_g%3/E(WNln5', 'USER');
INSERT INTO public.user_t (id, first_name, last_name, email, phone, join_date, password, role) VALUES (400, 'Ivonne', 'Olyonov', 'iolyonov9o@bandcamp.com', '+504 536 376 1220', '2023-12-28 17:04:46.727409', 'hV2<hO+?d)>B3E/v', 'USER');
INSERT INTO public.user_t (id, first_name, last_name, email, phone, join_date, password, role) VALUES (401, 'Robbin', 'Ousley', 'rousley9p@ftc.gov', '+1 850 137 0285', '2023-12-28 17:04:47.058232', 'bI8@/\)`PWze|rX', 'USER');
INSERT INTO public.user_t (id, first_name, last_name, email, phone, join_date, password, role) VALUES (402, 'Jordan', 'Braunton', 'jbraunton9q@rediff.com', '+1 860 220 8307', '2023-12-28 17:04:47.301245', 'xB8%=+x>(yY?', 'USER');
INSERT INTO public.user_t (id, first_name, last_name, email, phone, join_date, password, role) VALUES (403, 'Carole', 'Pochin', 'cpochin9r@unblog.fr', '+86 128 197 6319', '2023-12-28 17:04:47.562351', 'mO0#_ws0=', 'USER');
INSERT INTO public.user_t (id, first_name, last_name, email, phone, join_date, password, role) VALUES (404, 'Colas', 'Witts', 'cwitts9s@mapquest.com', '+62 982 716 9292', '2023-12-28 17:04:47.81663', 'cK6\p0vw3PjwZ`/T', 'USER');
INSERT INTO public.user_t (id, first_name, last_name, email, phone, join_date, password, role) VALUES (405, 'Letitia', 'Hillhouse', 'lhillhouse9t@ocn.ne.jp', '+86 641 990 7715', '2023-12-28 17:04:48.066391', 'qZ5/yzO|DF=)c&D', 'USER');
INSERT INTO public.user_t (id, first_name, last_name, email, phone, join_date, password, role) VALUES (406, 'Cathe', 'Lowbridge', 'clowbridge9u@amazon.co.uk', '+62 846 751 6063', '2023-12-28 17:04:48.319024', 'iO3{UU${', 'USER');
INSERT INTO public.user_t (id, first_name, last_name, email, phone, join_date, password, role) VALUES (407, 'Delora', 'Sheere', 'dsheere9v@ocn.ne.jp', '+82 281 888 0050', '2023-12-28 17:04:48.564278', 'pR9"rO9O8ka~p', 'USER');
INSERT INTO public.user_t (id, first_name, last_name, email, phone, join_date, password, role) VALUES (408, 'Barnabe', 'Stamper', 'bstamper9w@webnode.com', '+251 444 357 2298', '2023-12-28 17:04:48.803412', 'uL5(EyK,4jN', 'USER');
INSERT INTO public.user_t (id, first_name, last_name, email, phone, join_date, password, role) VALUES (409, 'Roosevelt', 'Findlow', 'rfindlow9x@stumbleupon.com', '+378 420 842 7211', '2023-12-28 17:04:49.052372', 'iL8)wRWW$e?m"HPh', 'USER');
INSERT INTO public.user_t (id, first_name, last_name, email, phone, join_date, password, role) VALUES (410, 'Vladimir', 'Coppin', 'vcoppin9y@telegraph.co.uk', '+86 311 613 6457', '2023-12-28 17:04:49.296385', 'rX8{giN#{', 'USER');
INSERT INTO public.user_t (id, first_name, last_name, email, phone, join_date, password, role) VALUES (411, 'Gigi', 'Fibben', 'gfibben9z@ebay.com', '+33 619 614 8370', '2023-12-28 17:04:49.538396', 'rA6.*7YCn"RE%"W?', 'USER');
INSERT INTO public.user_t (id, first_name, last_name, email, phone, join_date, password, role) VALUES (412, 'Darda', 'Tzuker', 'dtzukera0@bandcamp.com', '+86 879 186 3975', '2023-12-28 17:04:49.784191', 'zY5{kclW)', 'USER');
INSERT INTO public.user_t (id, first_name, last_name, email, phone, join_date, password, role) VALUES (413, 'Riordan', 'Edland', 'redlanda1@ft.com', '+55 526 506 1860', '2023-12-28 17:04:50.024593', 'fP3|!D*&h92}~', 'USER');
INSERT INTO public.user_t (id, first_name, last_name, email, phone, join_date, password, role) VALUES (414, 'Amii', 'Cormode', 'acormodea2@bloglines.com', '+33 703 360 9707', '2023-12-28 17:04:50.283235', 'nF7''9p`\', 'USER');
INSERT INTO public.user_t (id, first_name, last_name, email, phone, join_date, password, role) VALUES (415, 'Kaylil', 'Reedyhough', 'kreedyhougha3@toplist.cz', '+55 103 583 7012', '2023-12-28 17:04:50.527093', 'zQ8*hx0*!KPzc4E', 'USER');
INSERT INTO public.user_t (id, first_name, last_name, email, phone, join_date, password, role) VALUES (416, 'Dewey', 'Mayes', 'dmayesa4@opensource.org', '+86 182 713 3887', '2023-12-28 17:04:50.771842', 'xQ4)+g"ntLc"euV', 'USER');
INSERT INTO public.user_t (id, first_name, last_name, email, phone, join_date, password, role) VALUES (417, 'Bernice', 'Gabbotts', 'bgabbottsa5@creativecommons.org', '+976 528 280 7383', '2023-12-28 17:04:51.019966', 'wK3$mYq{rvS', 'USER');
INSERT INTO public.user_t (id, first_name, last_name, email, phone, join_date, password, role) VALUES (418, 'Delcine', 'Youster', 'dyoustera6@php.net', '+48 254 539 6413', '2023-12-28 17:04:51.280419', 'wG4\A_3n*', 'USER');
INSERT INTO public.user_t (id, first_name, last_name, email, phone, join_date, password, role) VALUES (419, 'Carce', 'Hanna', 'channaa7@newsvine.com', '+420 302 569 3607', '2023-12-28 17:04:51.57584', 'gA1@I!O/Jtc.', 'USER');
INSERT INTO public.user_t (id, first_name, last_name, email, phone, join_date, password, role) VALUES (420, 'Hendrika', 'Kenforth', 'hkenfortha8@cloudflare.com', '+1 539 373 4731', '2023-12-28 17:04:51.867836', 'uI0{6wf8v', 'USER');
INSERT INTO public.user_t (id, first_name, last_name, email, phone, join_date, password, role) VALUES (421, 'Violet', 'Hollows', 'vhollowsa9@addtoany.com', '+62 801 390 2390', '2023-12-28 17:04:52.175821', 'mI8*$tHid%.=J', 'USER');
INSERT INTO public.user_t (id, first_name, last_name, email, phone, join_date, password, role) VALUES (422, 'Todd', 'Ollerhad', 'tollerhadaa@meetup.com', '+53 315 445 6709', '2023-12-28 17:04:52.434093', 'jD3/<5oX4jKw', 'USER');
INSERT INTO public.user_t (id, first_name, last_name, email, phone, join_date, password, role) VALUES (423, 'Goldia', 'Sattin', 'gsattinab@patch.com', '+86 440 588 0055', '2023-12-28 17:04:52.725709', 'aP1%KD`Se~c_p3p', 'USER');
INSERT INTO public.user_t (id, first_name, last_name, email, phone, join_date, password, role) VALUES (424, 'Donnamarie', 'Guiver', 'dguiverac@drupal.org', '+51 388 359 6938', '2023-12-28 17:04:53.105515', 'bA3=hV''EyMbd51)', 'USER');
INSERT INTO public.user_t (id, first_name, last_name, email, phone, join_date, password, role) VALUES (425, 'Mabelle', 'Kingsworth', 'mkingsworthad@mail.ru', '+62 847 736 6780', '2023-12-28 17:04:53.364113', 'cI2%e,R@%$<P', 'USER');
INSERT INTO public.user_t (id, first_name, last_name, email, phone, join_date, password, role) VALUES (426, 'Nicky', 'Pryce', 'npryceae@geocities.jp', '+7 974 411 2954', '2023-12-28 17:04:53.611495', 'kK4,@FgI', 'USER');
INSERT INTO public.user_t (id, first_name, last_name, email, phone, join_date, password, role) VALUES (427, 'Trisha', 'Spaven', 'tspavenaf@typepad.com', '+33 851 111 3555', '2023-12-28 17:04:53.864191', 'dX3?(,7#wu'')ol', 'USER');
INSERT INTO public.user_t (id, first_name, last_name, email, phone, join_date, password, role) VALUES (428, 'Harbert', 'DeSousa', 'hdesousaag@tumblr.com', '+63 874 880 9461', '2023-12-28 17:04:54.119951', 'nN7%ayAzh4', 'USER');
INSERT INTO public.user_t (id, first_name, last_name, email, phone, join_date, password, role) VALUES (429, 'Maryjane', 'Rosten', 'mrostenah@bravesites.com', '+227 358 381 3507', '2023-12-28 17:04:54.483827', 'xU3%"rn_H', 'USER');
INSERT INTO public.user_t (id, first_name, last_name, email, phone, join_date, password, role) VALUES (430, 'Gwenneth', 'Stockdale', 'gstockdaleai@angelfire.com', '+86 918 664 6878', '2023-12-28 17:04:54.815961', 'hB8?=&M!J}|zi', 'USER');
INSERT INTO public.user_t (id, first_name, last_name, email, phone, join_date, password, role) VALUES (431, 'Pavel', 'Cartmill', 'pcartmillaj@smugmug.com', '+86 190 460 7954', '2023-12-28 17:04:55.123919', 'iK3.MlE`*R7zQi', 'USER');
INSERT INTO public.user_t (id, first_name, last_name, email, phone, join_date, password, role) VALUES (432, 'Hector', 'Bickers', 'hbickersak@technorati.com', '+98 997 729 3270', '2023-12-28 17:04:55.403867', 'cT8*S%A@Y', 'USER');
INSERT INTO public.user_t (id, first_name, last_name, email, phone, join_date, password, role) VALUES (433, 'Gisele', 'Oxberry', 'goxberryal@sfgate.com', '+84 180 870 6865', '2023-12-28 17:04:55.731502', 'oL8#7Bz!,.c6', 'USER');
INSERT INTO public.user_t (id, first_name, last_name, email, phone, join_date, password, role) VALUES (434, 'Roanne', 'Merrifield', 'rmerrifieldam@ucla.edu', '+62 213 928 7127', '2023-12-28 17:04:56.075504', 'eY0.|lF3E<`2l$', 'USER');
INSERT INTO public.user_t (id, first_name, last_name, email, phone, join_date, password, role) VALUES (435, 'Baron', 'Angrave', 'bangravean@japanpost.jp', '+84 590 876 3946', '2023-12-28 17:04:56.322326', 'hS5@}ll!)Vm`"H1#', 'USER');
INSERT INTO public.user_t (id, first_name, last_name, email, phone, join_date, password, role) VALUES (436, 'Delbert', 'Kinrade', 'dkinradeao@slate.com', '+385 581 132 3180', '2023-12-28 17:04:56.612108', 'cY4=f4P,n`\', 'USER');
INSERT INTO public.user_t (id, first_name, last_name, email, phone, join_date, password, role) VALUES (437, 'Keary', 'Thurborn', 'kthurbornap@soup.io', '+7 922 974 6162', '2023-12-28 17:04:56.935852', 'iW3~eX(''BE/Ed1Lc', 'USER');
INSERT INTO public.user_t (id, first_name, last_name, email, phone, join_date, password, role) VALUES (438, 'Zacharie', 'Hilldrup', 'zhilldrupaq@cnbc.com', '+46 661 634 5031', '2023-12-28 17:04:57.271828', 'xA2/cZDVTZTsnFM', 'USER');
INSERT INTO public.user_t (id, first_name, last_name, email, phone, join_date, password, role) VALUES (439, 'Drusy', 'Bowsher', 'dbowsherar@homestead.com', '+86 254 675 8342', '2023-12-28 17:04:57.595822', 'wB5!?(SMgif~', 'USER');
INSERT INTO public.user_t (id, first_name, last_name, email, phone, join_date, password, role) VALUES (440, 'Elliott', 'Andreaccio', 'eandreaccioas@shutterfly.com', '+226 690 279 7426', '2023-12-28 17:04:57.935835', 'jR0.9crRdwt$', 'USER');
INSERT INTO public.user_t (id, first_name, last_name, email, phone, join_date, password, role) VALUES (441, 'Adriano', 'Parlour', 'aparlourat@google.nl', '+48 122 730 1161', '2023-12-28 17:04:58.297454', 'lA1,XsxQMPhb@&H', 'USER');
INSERT INTO public.user_t (id, first_name, last_name, email, phone, join_date, password, role) VALUES (442, 'Hakim', 'Thornber', 'hthornberau@acquirethisname.com', '+970 993 280 0651', '2023-12-28 17:04:58.669839', 'uQ3*mOb_q$', 'USER');
INSERT INTO public.user_t (id, first_name, last_name, email, phone, join_date, password, role) VALUES (443, 'Luis', 'Dulling', 'ldullingav@apple.com', '+57 274 246 8875', '2023-12-28 17:04:58.918276', 'mB7.1lgQL)ETVY', 'USER');
INSERT INTO public.user_t (id, first_name, last_name, email, phone, join_date, password, role) VALUES (444, 'Fredek', 'Fibbitts', 'ffibbittsaw@cornell.edu', '+86 802 451 1810', '2023-12-28 17:04:59.163092', 'kH6?HcS9fIjxo~', 'USER');
INSERT INTO public.user_t (id, first_name, last_name, email, phone, join_date, password, role) VALUES (445, 'Inga', 'Conklin', 'iconklinax@yellowpages.com', '+7 772 330 2901', '2023-12-28 17:04:59.405536', 'iU8@}lid', 'USER');
INSERT INTO public.user_t (id, first_name, last_name, email, phone, join_date, password, role) VALUES (446, 'Lemar', 'Bellingham', 'lbellinghamay@altervista.org', '+86 336 682 9958', '2023-12-28 17:04:59.712192', 'lZ5`ceI.zry', 'USER');
INSERT INTO public.user_t (id, first_name, last_name, email, phone, join_date, password, role) VALUES (447, 'Flori', 'Gernier', 'fgernieraz@quantcast.com', '+62 726 966 6362', '2023-12-28 17:04:59.954501', 'fU7>\o9<+&&', 'USER');
INSERT INTO public.user_t (id, first_name, last_name, email, phone, join_date, password, role) VALUES (448, 'Pavel', 'Jefford', 'pjeffordb0@discuz.net', '+62 132 740 5609', '2023-12-28 17:05:00.211416', 'dZ3>=J9ln\lwyZ`E', 'USER');
INSERT INTO public.user_t (id, first_name, last_name, email, phone, join_date, password, role) VALUES (449, 'Adelind', 'Fanton', 'afantonb1@apple.com', '+20 409 967 1024', '2023-12-28 17:05:00.506259', 'bA3%\c6G', 'USER');
INSERT INTO public.user_t (id, first_name, last_name, email, phone, join_date, password, role) VALUES (450, 'Frances', 'Gounet', 'fgounetb2@google.es', '+57 202 721 7048', '2023-12-28 17:05:00.872029', 'yU4>5$JMf&', 'USER');
INSERT INTO public.user_t (id, first_name, last_name, email, phone, join_date, password, role) VALUES (451, 'Clarey', 'Cawkwell', 'ccawkwellb3@com.com', '+357 366 553 3688', '2023-12-28 17:05:01.276455', 'iA3{,C{P)CB|r{', 'USER');
INSERT INTO public.user_t (id, first_name, last_name, email, phone, join_date, password, role) VALUES (452, 'Noel', 'Feltham', 'nfelthamb4@etsy.com', '+62 323 343 4218', '2023-12-28 17:05:01.671863', 'iA7"6m,dm<Uz', 'USER');
INSERT INTO public.user_t (id, first_name, last_name, email, phone, join_date, password, role) VALUES (453, 'Catharina', 'Hackford', 'chackfordb5@github.io', '+7 263 989 8856', '2023-12-28 17:05:01.967858', 'iQ9%Q'',jqo', 'USER');
INSERT INTO public.user_t (id, first_name, last_name, email, phone, join_date, password, role) VALUES (454, 'Sibylle', 'Garlette', 'sgarletteb6@ft.com', '+63 940 757 3302', '2023-12-28 17:05:02.267866', 'dC9\G@V"N|', 'USER');
INSERT INTO public.user_t (id, first_name, last_name, email, phone, join_date, password, role) VALUES (455, 'Barnabas', 'Gallon', 'bgallonb7@independent.co.uk', '+591 944 613 4871', '2023-12-28 17:05:02.547014', 'aN6*66''$', 'USER');
INSERT INTO public.user_t (id, first_name, last_name, email, phone, join_date, password, role) VALUES (456, 'Maisey', 'Takle', 'mtakleb8@eventbrite.com', '+49 213 737 7607', '2023-12-28 17:05:02.786457', 'uP3"ciuCxTa', 'USER');
INSERT INTO public.user_t (id, first_name, last_name, email, phone, join_date, password, role) VALUES (457, 'Abagail', 'Burrells', 'aburrellsb9@live.com', '+48 764 570 6649', '2023-12-28 17:05:03.042266', 'eP6{+{7.mU', 'USER');
INSERT INTO public.user_t (id, first_name, last_name, email, phone, join_date, password, role) VALUES (458, 'Leona', 'Wickes', 'lwickesba@shinystat.com', '+1 623 450 0505', '2023-12-28 17:05:03.442309', 'rK3!M$RE"p+5D!', 'USER');
INSERT INTO public.user_t (id, first_name, last_name, email, phone, join_date, password, role) VALUES (459, 'Stefania', 'Jennemann', 'sjennemannbb@scientificamerican.com', '+94 834 506 8545', '2023-12-28 17:05:03.918321', 'pK0!hqoGgi', 'USER');
INSERT INTO public.user_t (id, first_name, last_name, email, phone, join_date, password, role) VALUES (460, 'Patrice', 'Mattia', 'pmattiabc@live.com', '+86 825 891 9156', '2023-12-28 17:05:04.268395', 'lM5>}|_As}MmZ', 'USER');
INSERT INTO public.user_t (id, first_name, last_name, email, phone, join_date, password, role) VALUES (461, 'Billie', 'Dowsing', 'bdowsingbd@t.co', '+86 312 691 2946', '2023-12-28 17:05:04.55403', 'gB3,qQp`0}S)jhCa', 'USER');
INSERT INTO public.user_t (id, first_name, last_name, email, phone, join_date, password, role) VALUES (462, 'Cherilyn', 'Casillas', 'ccasillasbe@wired.com', '+63 544 141 3636', '2023-12-28 17:05:04.823421', 'cA3+?,ncuRRGLC', 'USER');
INSERT INTO public.user_t (id, first_name, last_name, email, phone, join_date, password, role) VALUES (463, 'Benedetto', 'Dreghorn', 'bdreghornbf@mozilla.com', '+86 449 531 4888', '2023-12-28 17:05:05.094992', 'pP8`qL_77''_', 'USER');
INSERT INTO public.user_t (id, first_name, last_name, email, phone, join_date, password, role) VALUES (464, 'Dare', 'De Dei', 'ddedeibg@sfgate.com', '+62 281 906 8506', '2023-12-28 17:05:05.356512', 'uP4#TOl9&>Fk6o{', 'USER');
INSERT INTO public.user_t (id, first_name, last_name, email, phone, join_date, password, role) VALUES (465, 'Belvia', 'Cullotey', 'bculloteybh@mlb.com', '+598 860 783 0028', '2023-12-28 17:05:05.61983', 'fV2+wlG2*M)=H~', 'USER');
INSERT INTO public.user_t (id, first_name, last_name, email, phone, join_date, password, role) VALUES (466, 'Fidelity', 'Wellum', 'fwellumbi@paypal.com', '+62 769 680 4199', '2023-12-28 17:05:05.886305', 'mX9@J6G*Z)U', 'USER');
INSERT INTO public.user_t (id, first_name, last_name, email, phone, join_date, password, role) VALUES (467, 'Ezra', 'Bulbrook', 'ebulbrookbj@twitpic.com', '+62 428 249 4818', '2023-12-28 17:05:06.135279', 'bF6*#WP/2U8#Z?Hf', 'USER');
INSERT INTO public.user_t (id, first_name, last_name, email, phone, join_date, password, role) VALUES (468, 'Griswold', 'Cuming', 'gcumingbk@baidu.com', '+86 898 446 1230', '2023-12-28 17:05:06.403867', 'tQ8\uT9Ild/#b6xh', 'USER');
INSERT INTO public.user_t (id, first_name, last_name, email, phone, join_date, password, role) VALUES (469, 'Cherise', 'Coleford', 'ccolefordbl@cbslocal.com', '+385 521 688 3306', '2023-12-28 17:05:06.667286', 'dY6!5YHY\xPF(i$0', 'USER');
INSERT INTO public.user_t (id, first_name, last_name, email, phone, join_date, password, role) VALUES (470, 'Kermie', 'Serot', 'kserotbm@amazon.co.uk', '+63 773 324 0746', '2023-12-28 17:05:06.999847', 'xX6#Ab/Fm', 'USER');
INSERT INTO public.user_t (id, first_name, last_name, email, phone, join_date, password, role) VALUES (471, 'Aline', 'Redington', 'aredingtonbn@wikia.com', '+86 496 399 8187', '2023-12-28 17:05:07.251292', 'sE8`Fv9z#S9KA{', 'USER');
INSERT INTO public.user_t (id, first_name, last_name, email, phone, join_date, password, role) VALUES (472, 'Theda', 'Dies', 'tdiesbo@pinterest.com', '+86 243 860 5682', '2023-12-28 17:05:07.49983', 'bY3`@5J3x\sk|', 'USER');
INSERT INTO public.user_t (id, first_name, last_name, email, phone, join_date, password, role) VALUES (473, 'Dukie', 'Tregidgo', 'dtregidgobp@list-manage.com', '+1 404 154 2596', '2023-12-28 17:05:07.750126', 'mB0?CMnMr', 'USER');
INSERT INTO public.user_t (id, first_name, last_name, email, phone, join_date, password, role) VALUES (474, 'Evaleen', 'Bollands', 'ebollandsbq@bravesites.com', '+86 353 885 0130', '2023-12-28 17:05:07.995234', 'sK3/aH{L7>Q,x6WR', 'USER');
INSERT INTO public.user_t (id, first_name, last_name, email, phone, join_date, password, role) VALUES (475, 'Brigida', 'Lewis', 'blewisbr@ezinearticles.com', '+692 544 727 7944', '2023-12-28 17:05:08.240267', 'mP7?i(8=3C@Q', 'USER');
INSERT INTO public.user_t (id, first_name, last_name, email, phone, join_date, password, role) VALUES (476, 'Olly', 'Grzesiak', 'ogrzesiakbs@sfgate.com', '+66 180 421 2377', '2023-12-28 17:05:08.482224', 'dO5<4R+fk&', 'USER');
INSERT INTO public.user_t (id, first_name, last_name, email, phone, join_date, password, role) VALUES (477, 'Lizette', 'Chieco', 'lchiecobt@squidoo.com', '+94 199 699 2824', '2023-12-28 17:05:08.724464', 'iB7%G.(%?wz#d', 'USER');
INSERT INTO public.user_t (id, first_name, last_name, email, phone, join_date, password, role) VALUES (478, 'Turner', 'Ogborne', 'togbornebu@wikipedia.org', '+55 574 670 8087', '2023-12-28 17:05:09.026597', 'rL3\=o''/!y_u', 'USER');
INSERT INTO public.user_t (id, first_name, last_name, email, phone, join_date, password, role) VALUES (479, 'Carlota', 'Airth', 'cairthbv@barnesandnoble.com', '+62 929 436 4385', '2023-12-28 17:05:09.382203', 'bF7@Jlj*E.%T', 'USER');
INSERT INTO public.user_t (id, first_name, last_name, email, phone, join_date, password, role) VALUES (480, 'Brigitte', 'Furney', 'bfurneybw@imgur.com', '+351 867 702 4634', '2023-12-28 17:05:09.746039', 'iP0=}5dFBi\', 'USER');
INSERT INTO public.user_t (id, first_name, last_name, email, phone, join_date, password, role) VALUES (481, 'Joscelin', 'Scotson', 'jscotsonbx@live.com', '+86 443 830 7369', '2023-12-28 17:05:10.049488', 'sH8"(}|KV', 'USER');
INSERT INTO public.user_t (id, first_name, last_name, email, phone, join_date, password, role) VALUES (482, 'Timmy', 'Pinckstone', 'tpinckstoneby@live.com', '+1 757 860 6917', '2023-12-28 17:05:10.298625', 'fQ6)B%g''ozP', 'USER');
INSERT INTO public.user_t (id, first_name, last_name, email, phone, join_date, password, role) VALUES (483, 'Hazel', 'Moukes', 'hmoukesbz@clickbank.net', '+86 522 210 1172', '2023-12-28 17:05:10.541568', 'nS9#}~ZEr?', 'USER');
INSERT INTO public.user_t (id, first_name, last_name, email, phone, join_date, password, role) VALUES (484, 'Arabele', 'Schuricke', 'aschurickec0@t-online.de', '+60 868 494 2083', '2023-12-28 17:05:10.848433', 'mT4!{r"B5', 'USER');
INSERT INTO public.user_t (id, first_name, last_name, email, phone, join_date, password, role) VALUES (485, 'Barrie', 'Barwood', 'bbarwoodc1@wired.com', '+7 946 651 0443', '2023-12-28 17:05:11.091828', 'tI0$)3n+5{', 'USER');
INSERT INTO public.user_t (id, first_name, last_name, email, phone, join_date, password, role) VALUES (486, 'Bird', 'Povey', 'bpoveyc2@posterous.com', '+977 874 985 1725', '2023-12-28 17:05:11.411872', 'yQ3*L0AUI<', 'USER');
INSERT INTO public.user_t (id, first_name, last_name, email, phone, join_date, password, role) VALUES (487, 'Floyd', 'Chinnock', 'fchinnockc3@yahoo.com', '+66 221 929 5103', '2023-12-28 17:05:11.656137', 'lH9(oO}m', 'USER');
INSERT INTO public.user_t (id, first_name, last_name, email, phone, join_date, password, role) VALUES (488, 'Allyn', 'Duferie', 'aduferiec4@hc360.com', '+267 286 524 4737', '2023-12-28 17:05:11.962898', 'pS5$s''\rTGB5+8Lm', 'USER');
INSERT INTO public.user_t (id, first_name, last_name, email, phone, join_date, password, role) VALUES (489, 'Stacia', 'Kleehuhler', 'skleehuhlerc5@businesswire.com', '+86 452 468 0108', '2023-12-28 17:05:12.24919', 'pE2(j?8IPn)aB', 'USER');
INSERT INTO public.user_t (id, first_name, last_name, email, phone, join_date, password, role) VALUES (490, 'Gunther', 'Fevers', 'gfeversc6@ebay.co.uk', '+1 801 177 6904', '2023-12-28 17:05:12.535624', 'oP5{@~wd', 'USER');
INSERT INTO public.user_t (id, first_name, last_name, email, phone, join_date, password, role) VALUES (491, 'Freddi', 'Ainsbury', 'fainsburyc7@admin.ch', '+880 265 876 7926', '2023-12-28 17:05:12.780409', 'vC2*gh@T$i&r@', 'USER');
INSERT INTO public.user_t (id, first_name, last_name, email, phone, join_date, password, role) VALUES (492, 'Shaylynn', 'Pietruschka', 'spietruschkac8@oaic.gov.au', '+31 395 535 3153', '2023-12-28 17:05:13.047522', 'dW5{/5YMDgM8', 'USER');
INSERT INTO public.user_t (id, first_name, last_name, email, phone, join_date, password, role) VALUES (493, 'Alvy', 'Rottgers', 'arottgersc9@washington.edu', '+86 148 822 8115', '2023-12-28 17:05:13.315833', 'tJ1\@R#d5', 'USER');
INSERT INTO public.user_t (id, first_name, last_name, email, phone, join_date, password, role) VALUES (494, 'Kareem', 'Chesman', 'kchesmanca@plala.or.jp', '+975 787 815 0948', '2023-12-28 17:05:13.583181', 'wJ9,njvdhjmiH', 'USER');
INSERT INTO public.user_t (id, first_name, last_name, email, phone, join_date, password, role) VALUES (495, 'Vilma', 'Smallpeace', 'vsmallpeacecb@tmall.com', '+63 330 678 8623', '2023-12-28 17:05:13.827891', 'rG1''td"jd"o{+', 'USER');
INSERT INTO public.user_t (id, first_name, last_name, email, phone, join_date, password, role) VALUES (496, 'Pierrette', 'Issacov', 'pissacovcc@shutterfly.com', '+57 128 765 8553', '2023-12-28 17:05:14.079845', 'eH0(Fc+}1t', 'USER');
INSERT INTO public.user_t (id, first_name, last_name, email, phone, join_date, password, role) VALUES (497, 'Cammie', 'Ambler', 'camblercd@php.net', '+380 740 777 2425', '2023-12-28 17:05:14.325937', 'bT2''!%N_cm', 'USER');
INSERT INTO public.user_t (id, first_name, last_name, email, phone, join_date, password, role) VALUES (498, 'Van', 'Cabena', 'vcabenace@europa.eu', '+84 150 276 4143', '2023-12-28 17:05:14.57664', 'kY8*6V{8&|S0y?', 'USER');
INSERT INTO public.user_t (id, first_name, last_name, email, phone, join_date, password, role) VALUES (499, 'Augy', 'Dash', 'adashcf@bizjournals.com', '+52 327 178 7185', '2023-12-28 17:05:14.820031', 'dP6!M"l9zQGM''', 'USER');
INSERT INTO public.user_t (id, first_name, last_name, email, phone, join_date, password, role) VALUES (500, 'Allys', 'Loudyan', 'aloudyancg@google.it', '+63 217 209 4114', '2023-12-28 17:05:15.063376', 'oA5>%7!B', 'USER');
INSERT INTO public.user_t (id, first_name, last_name, email, phone, join_date, password, role) VALUES (501, 'Jude', 'Callen', 'jcallench@spiegel.de', '+33 595 536 3943', '2023-12-28 17:05:15.311365', 'cR0#e?3ox', 'USER');
INSERT INTO public.user_t (id, first_name, last_name, email, phone, join_date, password, role) VALUES (502, 'Nanni', 'Twittey', 'ntwitteyci@tmall.com', '+66 312 236 0825', '2023-12-28 17:05:15.559824', 'gF4})9~&yc+XLtT', 'USER');
INSERT INTO public.user_t (id, first_name, last_name, email, phone, join_date, password, role) VALUES (503, 'Meridith', 'O''Shiels', 'moshielscj@gov.uk', '+51 939 983 6444', '2023-12-28 17:05:15.803402', 'wY9|2slq=&P', 'USER');
INSERT INTO public.user_t (id, first_name, last_name, email, phone, join_date, password, role) VALUES (504, 'Marian', 'Rushford', 'mrushfordck@ibm.com', '+420 215 708 4860', '2023-12-28 17:05:16.043821', 'nL2_a."l{`0b?HK', 'USER');
INSERT INTO public.user_t (id, first_name, last_name, email, phone, join_date, password, role) VALUES (505, 'Rosemonde', 'Matteris', 'rmatteriscl@sourceforge.net', '+62 618 695 1385', '2023-12-28 17:05:16.300282', 'fZ9>&"MA', 'USER');
INSERT INTO public.user_t (id, first_name, last_name, email, phone, join_date, password, role) VALUES (506, 'Masha', 'Busson', 'mbussoncm@abc.net.au', '+48 939 538 5903', '2023-12-28 17:05:16.614672', 'mC3}1eG}$~', 'USER');
INSERT INTO public.user_t (id, first_name, last_name, email, phone, join_date, password, role) VALUES (507, 'Tyne', 'Pentycross', 'tpentycrosscn@marriott.com', '+1 356 991 2958', '2023-12-28 17:05:16.860109', 'qJ0.eo0?V=', 'USER');
INSERT INTO public.user_t (id, first_name, last_name, email, phone, join_date, password, role) VALUES (508, 'Noelani', 'Roadnight', 'nroadnightco@hhs.gov', '+976 630 509 0049', '2023-12-28 17:05:17.115905', 'gM3|n*N''2', 'USER');
INSERT INTO public.user_t (id, first_name, last_name, email, phone, join_date, password, role) VALUES (509, 'Crosby', 'Lukas', 'clukascp@omniture.com', '+46 595 750 5774', '2023-12-28 17:05:17.391831', 'uV4?w"uW@xQXb9i', 'USER');
INSERT INTO public.user_t (id, first_name, last_name, email, phone, join_date, password, role) VALUES (510, 'Demetris', 'Lashford', 'dlashfordcq@example.com', '+62 297 117 0889', '2023-12-28 17:05:17.651864', 'dT4\Cw~Y''v>~)', 'USER');
INSERT INTO public.user_t (id, first_name, last_name, email, phone, join_date, password, role) VALUES (511, 'Rollo', 'Cantwell', 'rcantwellcr@nhs.uk', '+33 830 425 7953', '2023-12-28 17:05:17.895852', 'vM1{@mbIYib', 'USER');
INSERT INTO public.user_t (id, first_name, last_name, email, phone, join_date, password, role) VALUES (512, 'Mable', 'Falconbridge', 'mfalconbridgecs@meetup.com', '+502 509 712 9106', '2023-12-28 17:05:18.146281', 'hF3!EgQ2', 'USER');
INSERT INTO public.user_t (id, first_name, last_name, email, phone, join_date, password, role) VALUES (513, 'Nicolai', 'Kalb', 'nkalbct@homestead.com', '+62 840 433 4971', '2023-12-28 17:05:18.39207', 'eZ9<WG?5_kjqAx', 'USER');
INSERT INTO public.user_t (id, first_name, last_name, email, phone, join_date, password, role) VALUES (514, 'Vere', 'Rego', 'vregocu@businessinsider.com', '+670 867 289 9796', '2023-12-28 17:05:18.635476', 'vG3''!z>MNmay', 'USER');
INSERT INTO public.user_t (id, first_name, last_name, email, phone, join_date, password, role) VALUES (515, 'Kermy', 'Glass', 'kglasscv@chicagotribune.com', '+47 110 404 7175', '2023-12-28 17:05:18.884181', 'fO5_r#q$iP0', 'USER');
INSERT INTO public.user_t (id, first_name, last_name, email, phone, join_date, password, role) VALUES (516, 'Otis', 'Josh', 'ojoshcw@wikimedia.org', '+62 742 604 3498', '2023-12-28 17:05:19.126294', 'qN3`<"k/exqm,L,m', 'USER');
INSERT INTO public.user_t (id, first_name, last_name, email, phone, join_date, password, role) VALUES (517, 'Aubrette', 'Larking', 'alarkingcx@ed.gov', '+33 852 978 0177', '2023-12-28 17:05:19.371843', 'aT6.zPVq!ETdT', 'USER');
INSERT INTO public.user_t (id, first_name, last_name, email, phone, join_date, password, role) VALUES (518, 'Birch', 'Frankham', 'bfrankhamcy@army.mil', '+7 307 528 0820', '2023-12-28 17:05:19.622151', 'lH4/%r2I6', 'USER');
INSERT INTO public.user_t (id, first_name, last_name, email, phone, join_date, password, role) VALUES (519, 'Jamie', 'Strettell', 'jstrettellcz@yandex.ru', '+55 793 265 2346', '2023-12-28 17:05:19.875867', 'pA8"_Q&&', 'USER');
INSERT INTO public.user_t (id, first_name, last_name, email, phone, join_date, password, role) VALUES (520, 'Tommy', 'McElory', 'tmceloryd0@wikia.com', '+7 143 441 0794', '2023-12-28 17:05:20.154222', 'hR4''Ncu3aof', 'USER');
INSERT INTO public.user_t (id, first_name, last_name, email, phone, join_date, password, role) VALUES (521, 'Mendy', 'Isaksen', 'misaksend1@chronoengine.com', '+252 178 730 6828', '2023-12-28 17:05:20.588139', 'pH1*@OGF', 'USER');
INSERT INTO public.user_t (id, first_name, last_name, email, phone, join_date, password, role) VALUES (522, 'Emmaline', 'Oneill', 'eoneilld2@csmonitor.com', '+62 438 360 8362', '2023-12-28 17:05:20.834371', 'zP6$v*WU#o0h7', 'USER');
INSERT INTO public.user_t (id, first_name, last_name, email, phone, join_date, password, role) VALUES (523, 'Vernor', 'Lycett', 'vlycettd3@multiply.com', '+48 461 391 4601', '2023-12-28 17:05:21.469896', 'zU8!z#.ST', 'USER');
INSERT INTO public.user_t (id, first_name, last_name, email, phone, join_date, password, role) VALUES (524, 'Jayne', 'Musprat', 'jmuspratd4@vimeo.com', '+86 231 237 3758', '2023-12-28 17:05:21.799856', 'wZ7{ldRYCa', 'USER');
INSERT INTO public.user_t (id, first_name, last_name, email, phone, join_date, password, role) VALUES (525, 'Cleavland', 'Hazelby', 'chazelbyd5@tamu.edu', '+62 615 217 5542', '2023-12-28 17:05:22.187898', 'iX0`Pg+%', 'USER');
INSERT INTO public.user_t (id, first_name, last_name, email, phone, join_date, password, role) VALUES (526, 'Phebe', 'Klaff', 'pklaffd6@indiatimes.com', '+86 565 920 7701', '2023-12-28 17:05:22.703824', 'eR5,slqO\''M4', 'USER');
INSERT INTO public.user_t (id, first_name, last_name, email, phone, join_date, password, role) VALUES (527, 'Joscelin', 'Biglin', 'jbiglind7@tiny.cc', '+351 234 930 0955', '2023-12-28 17:05:23.078503', 'jA3}4x2TY/PNDXZ', 'USER');
INSERT INTO public.user_t (id, first_name, last_name, email, phone, join_date, password, role) VALUES (528, 'Johnette', 'McMurdo', 'jmcmurdod8@ocn.ne.jp', '+48 791 980 2645', '2023-12-28 17:05:23.427836', 'yJ5_dI)b', 'USER');
INSERT INTO public.user_t (id, first_name, last_name, email, phone, join_date, password, role) VALUES (529, 'Pincus', 'Rousell', 'prouselld9@columbia.edu', '+502 424 280 8468', '2023-12-28 17:05:23.730435', 'oP0''QO10pfj', 'USER');
INSERT INTO public.user_t (id, first_name, last_name, email, phone, join_date, password, role) VALUES (530, 'Jayme', 'Rooson', 'jroosonda@theatlantic.com', '+48 854 952 9501', '2023-12-28 17:05:23.981025', 'zX2,\A2&mIS', 'USER');
INSERT INTO public.user_t (id, first_name, last_name, email, phone, join_date, password, role) VALUES (531, 'Debra', 'Balden', 'dbaldendb@europa.eu', '+66 650 934 6777', '2023-12-28 17:05:24.243426', 'sY0\h6WB*', 'USER');
INSERT INTO public.user_t (id, first_name, last_name, email, phone, join_date, password, role) VALUES (532, 'Reidar', 'Vakhrushev', 'rvakhrushevdc@cnbc.com', '+98 163 179 1075', '2023-12-28 17:05:24.488005', 'eE1|~mE+', 'USER');
INSERT INTO public.user_t (id, first_name, last_name, email, phone, join_date, password, role) VALUES (533, 'Kristina', 'Kepling', 'kkeplingdd@google.nl', '+51 515 789 4253', '2023-12-28 17:05:24.745551', 'dT9_q*d9', 'USER');
INSERT INTO public.user_t (id, first_name, last_name, email, phone, join_date, password, role) VALUES (534, 'Jerald', 'Mardall', 'jmardallde@homestead.com', '+86 211 110 7928', '2023-12-28 17:05:25.031406', 'uT0)b7Ugs<)HS', 'USER');
INSERT INTO public.user_t (id, first_name, last_name, email, phone, join_date, password, role) VALUES (535, 'Ruben', 'Tuhy', 'rtuhydf@dropbox.com', '+7 809 478 6327', '2023-12-28 17:05:25.283837', 'dI2/BiH%/~q+', 'USER');
INSERT INTO public.user_t (id, first_name, last_name, email, phone, join_date, password, role) VALUES (536, 'Ddene', 'St. John', 'dstjohndg@studiopress.com', '+371 428 944 6335', '2023-12-28 17:05:25.550557', 'fT6(<OafN@VgFGzw', 'USER');
INSERT INTO public.user_t (id, first_name, last_name, email, phone, join_date, password, role) VALUES (537, 'Merrilee', 'Zupo', 'mzupodh@wiley.com', '+62 960 735 6715', '2023-12-28 17:05:25.802552', 'aO2(zym}c7M0F', 'USER');
INSERT INTO public.user_t (id, first_name, last_name, email, phone, join_date, password, role) VALUES (538, 'Bill', 'Alessandretti', 'balessandrettidi@shop-pro.jp', '+227 879 214 9512', '2023-12-28 17:05:26.047414', 'uX0%?m4CCl5IA2eu', 'USER');
INSERT INTO public.user_t (id, first_name, last_name, email, phone, join_date, password, role) VALUES (539, 'Marlo', 'Towey', 'mtoweydj@sohu.com', '+506 318 204 5355', '2023-12-28 17:05:26.303836', 'gF1/%|Co%=g/', 'USER');
INSERT INTO public.user_t (id, first_name, last_name, email, phone, join_date, password, role) VALUES (540, 'Blondie', 'Dayer', 'bdayerdk@ucla.edu', '+52 664 574 7389', '2023-12-28 17:05:26.554568', 'yG1_~$`!xs', 'USER');
INSERT INTO public.user_t (id, first_name, last_name, email, phone, join_date, password, role) VALUES (541, 'Audy', 'Rapkins', 'arapkinsdl@toplist.cz', '+62 688 837 1248', '2023-12-28 17:05:26.798478', 'fM7!Q3DV?Bg6m18"', 'USER');
INSERT INTO public.user_t (id, first_name, last_name, email, phone, join_date, password, role) VALUES (542, 'Veriee', 'Schinetti', 'vschinettidm@linkedin.com', '+685 620 301 2498', '2023-12-28 17:05:27.046478', 'vS3%4f,1<EF7#', 'USER');
INSERT INTO public.user_t (id, first_name, last_name, email, phone, join_date, password, role) VALUES (543, 'Joni', 'Wildber', 'jwildberdn@about.me', '+506 533 642 5827', '2023-12-28 17:05:27.295571', 'nJ0@Q|_Jgtrh', 'USER');
INSERT INTO public.user_t (id, first_name, last_name, email, phone, join_date, password, role) VALUES (544, 'Kellia', 'Corrin', 'kcorrindo@taobao.com', '+33 521 957 6668', '2023-12-28 17:05:27.541422', 'zA3)r/DGz', 'USER');
INSERT INTO public.user_t (id, first_name, last_name, email, phone, join_date, password, role) VALUES (545, 'Melly', 'Berrill', 'mberrilldp@histats.com', '+7 663 768 6115', '2023-12-28 17:05:27.788405', 'rL9@lH<p5K#', 'USER');
INSERT INTO public.user_t (id, first_name, last_name, email, phone, join_date, password, role) VALUES (546, 'Marcella', 'MacGragh', 'mmacgraghdq@trellian.com', '+850 701 790 1152', '2023-12-28 17:05:28.041352', 'yF4*t6*6Q0Ije', 'USER');
INSERT INTO public.user_t (id, first_name, last_name, email, phone, join_date, password, role) VALUES (547, 'Lora', 'Woolgar', 'lwoolgardr@biglobe.ne.jp', '+86 629 839 8225', '2023-12-28 17:05:28.287896', 'tF2{h&0m}BV5QklD', 'USER');
INSERT INTO public.user_t (id, first_name, last_name, email, phone, join_date, password, role) VALUES (548, 'Stanton', 'Elman', 'selmands@telegraph.co.uk', '+62 969 551 7201', '2023-12-28 17:05:28.530705', 'pY3?BM%MWsD%6', 'USER');
INSERT INTO public.user_t (id, first_name, last_name, email, phone, join_date, password, role) VALUES (549, 'Justen', 'Lowry', 'jlowrydt@vimeo.com', '+48 250 547 9455', '2023-12-28 17:05:28.77877', 'oF8\#@=4', 'USER');
INSERT INTO public.user_t (id, first_name, last_name, email, phone, join_date, password, role) VALUES (550, 'Berke', 'Ogborn', 'bogborndu@ted.com', '+86 555 479 7967', '2023-12-28 17:05:29.021356', 'fH5}`T"N>x#X', 'USER');
INSERT INTO public.user_t (id, first_name, last_name, email, phone, join_date, password, role) VALUES (551, 'Josh', 'Harse', 'jharsedv@example.com', '+509 810 887 8345', '2023-12-28 17:05:29.269337', 'fJ5.4>"8@\', 'USER');
INSERT INTO public.user_t (id, first_name, last_name, email, phone, join_date, password, role) VALUES (552, 'Susan', 'Steinham', 'ssteinhamdw@npr.org', '+86 671 518 0889', '2023-12-28 17:05:29.520626', 'pM7"WW>qR4%!', 'USER');
INSERT INTO public.user_t (id, first_name, last_name, email, phone, join_date, password, role) VALUES (553, 'Meade', 'Horrell', 'mhorrelldx@accuweather.com', '+992 180 791 7699', '2023-12-28 17:05:29.78764', 'bD8"?|cZS1{eT', 'USER');
INSERT INTO public.user_t (id, first_name, last_name, email, phone, join_date, password, role) VALUES (554, 'Tamqrah', 'Waldock', 'twaldockdy@cpanel.net', '+62 505 428 8613', '2023-12-28 17:05:30.027512', 'sP1}RLNI', 'USER');
INSERT INTO public.user_t (id, first_name, last_name, email, phone, join_date, password, role) VALUES (555, 'Caren', 'Wardlaw', 'cwardlawdz@house.gov', '+420 563 198 1901', '2023-12-28 17:05:30.271827', 'yT8|8fww,I', 'USER');
INSERT INTO public.user_t (id, first_name, last_name, email, phone, join_date, password, role) VALUES (556, 'Sidney', 'Allibone', 'sallibonee0@engadget.com', '+46 399 697 0029', '2023-12-28 17:05:30.517591', 'tM0%%wHI', 'USER');
INSERT INTO public.user_t (id, first_name, last_name, email, phone, join_date, password, role) VALUES (557, 'Graeme', 'Atterbury', 'gatterburye1@aboutads.info', '+502 164 226 8895', '2023-12-28 17:05:30.771697', 'hM8.1wWKu', 'USER');
INSERT INTO public.user_t (id, first_name, last_name, email, phone, join_date, password, role) VALUES (558, 'Sib', 'Foggarty', 'sfoggartye2@ustream.tv', '+93 787 853 4833', '2023-12-28 17:05:31.051464', 'mU6*}v+vT9', 'USER');
INSERT INTO public.user_t (id, first_name, last_name, email, phone, join_date, password, role) VALUES (559, 'Marcellus', 'Goss', 'mgosse3@imageshack.us', '+86 343 543 0780', '2023-12-28 17:05:31.375813', 'uM4_7d>$bJz(ZBy>', 'USER');
INSERT INTO public.user_t (id, first_name, last_name, email, phone, join_date, password, role) VALUES (560, 'Talia', 'Shrawley', 'tshrawleye4@telegraph.co.uk', '+66 979 423 6280', '2023-12-28 17:05:31.771888', 'hJ6"xL4}', 'USER');
INSERT INTO public.user_t (id, first_name, last_name, email, phone, join_date, password, role) VALUES (561, 'Jojo', 'Langelay', 'jlangelaye5@virginia.edu', '+93 332 127 5388', '2023-12-28 17:05:32.017435', 'cU7)oSQ)Q', 'USER');
INSERT INTO public.user_t (id, first_name, last_name, email, phone, join_date, password, role) VALUES (562, 'Ninette', 'Ellins', 'nellinse6@bbb.org', '+351 359 238 1163', '2023-12-28 17:05:32.268469', 'wX9#=hl6}?$', 'USER');
INSERT INTO public.user_t (id, first_name, last_name, email, phone, join_date, password, role) VALUES (563, 'Linc', 'Monnoyer', 'lmonnoyere7@marketwatch.com', '+55 150 538 5505', '2023-12-28 17:05:32.668156', 'jS1|U0!xYQtl!M''d', 'USER');
INSERT INTO public.user_t (id, first_name, last_name, email, phone, join_date, password, role) VALUES (564, 'Matias', 'Schall', 'mschalle8@globo.com', '+86 596 171 7074', '2023-12-28 17:05:32.948604', 'fR7>@KnR0W?@csRY', 'USER');
INSERT INTO public.user_t (id, first_name, last_name, email, phone, join_date, password, role) VALUES (565, 'Timmy', 'Cettell', 'tcettelle9@miitbeian.gov.cn', '+55 940 856 6913', '2023-12-28 17:05:33.191852', 'vH4`t#(|)_/YPlW', 'USER');
INSERT INTO public.user_t (id, first_name, last_name, email, phone, join_date, password, role) VALUES (566, 'Brew', 'Roskam', 'broskamea@eepurl.com', '+86 899 996 6618', '2023-12-28 17:05:33.437424', 'bP8}\`1Cgfh', 'USER');
INSERT INTO public.user_t (id, first_name, last_name, email, phone, join_date, password, role) VALUES (567, 'Vinnie', 'Chalcroft', 'vchalcrofteb@unicef.org', '+60 562 213 8474', '2023-12-28 17:05:33.695508', 'cL3#u5am', 'USER');
INSERT INTO public.user_t (id, first_name, last_name, email, phone, join_date, password, role) VALUES (568, 'Ewan', 'Abrahm', 'eabrahmec@phoca.cz', '+54 792 835 0712', '2023-12-28 17:05:33.938496', 'dB8$4X(,', 'USER');
INSERT INTO public.user_t (id, first_name, last_name, email, phone, join_date, password, role) VALUES (569, 'Ania', 'Pudding', 'apuddinged@craigslist.org', '+30 246 450 7604', '2023-12-28 17:05:34.183831', 'yT5\L9\#+', 'USER');
INSERT INTO public.user_t (id, first_name, last_name, email, phone, join_date, password, role) VALUES (570, 'Odette', 'Quinsee', 'oquinseeee@dailymotion.com', '+236 131 971 5045', '2023-12-28 17:05:34.427401', 'wH0?FY?Mm<i~j_6U', 'USER');
INSERT INTO public.user_t (id, first_name, last_name, email, phone, join_date, password, role) VALUES (571, 'Alison', 'Bazely', 'abazelyef@gnu.org', '+48 363 215 3939', '2023-12-28 17:05:34.698455', 'lS8}8Q9hWx', 'USER');
INSERT INTO public.user_t (id, first_name, last_name, email, phone, join_date, password, role) VALUES (572, 'Joanie', 'Skamell', 'jskamelleg@a8.net', '+62 896 821 6104', '2023-12-28 17:05:34.950406', 'tJ7>q,&=''J&,hFg', 'USER');
INSERT INTO public.user_t (id, first_name, last_name, email, phone, join_date, password, role) VALUES (573, 'Orran', 'Jolin', 'ojolineh@berkeley.edu', '+92 389 970 7872', '2023-12-28 17:05:35.195943', 'qF4*{yG0v"VW''Ga>', 'USER');
INSERT INTO public.user_t (id, first_name, last_name, email, phone, join_date, password, role) VALUES (574, 'Lester', 'Hawarden', 'lhawardenei@hatena.ne.jp', '+86 516 988 9978', '2023-12-28 17:05:35.444526', 'xA6,mj{\&5H@Bd', 'USER');
INSERT INTO public.user_t (id, first_name, last_name, email, phone, join_date, password, role) VALUES (575, 'Kassie', 'Mees', 'kmeesej@squidoo.com', '+389 871 864 5884', '2023-12-28 17:05:35.687958', 'dZ1*$SoOo+', 'USER');
INSERT INTO public.user_t (id, first_name, last_name, email, phone, join_date, password, role) VALUES (576, 'Pattie', 'Hampson', 'phampsonek@devhub.com', '+375 904 631 0328', '2023-12-28 17:05:35.943834', 'bH1{j+&LSE', 'USER');
INSERT INTO public.user_t (id, first_name, last_name, email, phone, join_date, password, role) VALUES (577, 'Fancie', 'Brear', 'fbrearel@state.tx.us', '+86 307 339 0665', '2023-12-28 17:05:36.192783', 'tD1~o`$zhtR', 'USER');
INSERT INTO public.user_t (id, first_name, last_name, email, phone, join_date, password, role) VALUES (578, 'Merrilee', 'Sute', 'msuteem@zimbio.com', '+503 204 761 6692', '2023-12-28 17:05:36.437556', 'qI4,iIEEzE)0=', 'USER');
INSERT INTO public.user_t (id, first_name, last_name, email, phone, join_date, password, role) VALUES (579, 'Nelson', 'Weyland', 'nweylanden@state.tx.us', '+353 390 810 5908', '2023-12-28 17:05:36.689972', 'aV6''v~uXJ', 'USER');
INSERT INTO public.user_t (id, first_name, last_name, email, phone, join_date, password, role) VALUES (580, 'Zsa zsa', 'Mazey', 'zmazeyeo@netlog.com', '+381 384 677 5267', '2023-12-28 17:05:36.964702', 'gP4"2Ftry3G)|(Y', 'USER');
INSERT INTO public.user_t (id, first_name, last_name, email, phone, join_date, password, role) VALUES (581, 'Merla', 'Beushaw', 'mbeushawep@freewebs.com', '+48 701 180 6795', '2023-12-28 17:05:37.255359', 'hP7\jz5I<c"x9)x', 'USER');
INSERT INTO public.user_t (id, first_name, last_name, email, phone, join_date, password, role) VALUES (582, 'Burgess', 'Shurlock', 'bshurlockeq@state.tx.us', '+355 671 915 3653', '2023-12-28 17:05:37.535825', 'tA2!FU`N3k*', 'USER');
INSERT INTO public.user_t (id, first_name, last_name, email, phone, join_date, password, role) VALUES (583, 'Martha', 'Pembry', 'mpembryer@thetimes.co.uk', '+62 283 425 3713', '2023-12-28 17:05:37.802422', 'cC5?.s\%T', 'USER');
INSERT INTO public.user_t (id, first_name, last_name, email, phone, join_date, password, role) VALUES (584, 'Towney', 'Borgnet', 'tborgnetes@mozilla.org', '+351 494 978 2613', '2023-12-28 17:05:38.125085', 'fX3"?Et/3', 'USER');
INSERT INTO public.user_t (id, first_name, last_name, email, phone, join_date, password, role) VALUES (585, 'Wilmette', 'McMonies', 'wmcmonieset@google.com', '+234 426 255 7694', '2023-12-28 17:05:38.388493', 'eX3.<7{oWX,R(''<', 'USER');
INSERT INTO public.user_t (id, first_name, last_name, email, phone, join_date, password, role) VALUES (586, 'Beth', 'Cullotey', 'bculloteyeu@jalbum.net', '+86 628 554 0214', '2023-12-28 17:05:38.679933', 'yH3{X}RoR', 'USER');
INSERT INTO public.user_t (id, first_name, last_name, email, phone, join_date, password, role) VALUES (587, 'Sherrie', 'McKerlie', 'smckerlieev@typepad.com', '+62 221 421 2159', '2023-12-28 17:05:38.94194', 'pL2#@)K=9|Y/c#', 'USER');
INSERT INTO public.user_t (id, first_name, last_name, email, phone, join_date, password, role) VALUES (588, 'Douglass', 'Dake', 'ddakeew@whitehouse.gov', '+57 720 810 8059', '2023-12-28 17:05:39.195831', 'fE7!OBHoKILE', 'USER');
INSERT INTO public.user_t (id, first_name, last_name, email, phone, join_date, password, role) VALUES (589, 'Gwenora', 'Corradino', 'gcorradinoex@upenn.edu', '+30 741 581 3002', '2023-12-28 17:05:39.436437', 'dB6~IVT2d_z/H', 'USER');
INSERT INTO public.user_t (id, first_name, last_name, email, phone, join_date, password, role) VALUES (590, 'Northrup', 'Poston', 'npostoney@wikispaces.com', '+225 765 440 7674', '2023-12-28 17:05:39.683865', 'xS9%d$RkTNR*\', 'USER');
INSERT INTO public.user_t (id, first_name, last_name, email, phone, join_date, password, role) VALUES (591, 'Lotta', 'Melton', 'lmeltonez@bloglines.com', '+52 474 979 7269', '2023-12-28 17:05:39.936598', 'qZ5,ptzyN', 'USER');
INSERT INTO public.user_t (id, first_name, last_name, email, phone, join_date, password, role) VALUES (592, 'Siffre', 'Claffey', 'sclaffeyf0@arstechnica.com', '+351 676 501 1933', '2023-12-28 17:05:40.183858', 'pR6''w,D=m`I.', 'USER');
INSERT INTO public.user_t (id, first_name, last_name, email, phone, join_date, password, role) VALUES (593, 'Rois', 'Glas', 'rglasf1@ucsd.edu', '+62 808 316 4689', '2023-12-28 17:05:40.426659', 'gD6/yJFJHDO', 'USER');
INSERT INTO public.user_t (id, first_name, last_name, email, phone, join_date, password, role) VALUES (594, 'Beret', 'Elcome', 'belcomef2@plala.or.jp', '+967 394 409 2573', '2023-12-28 17:05:40.684579', 'gZ2.h5Y8n|2d', 'USER');
INSERT INTO public.user_t (id, first_name, last_name, email, phone, join_date, password, role) VALUES (595, 'Janessa', 'Seatter', 'jseatterf3@narod.ru', '+263 796 157 9723', '2023-12-28 17:05:40.951907', 'pJ7&POYI', 'USER');
INSERT INTO public.user_t (id, first_name, last_name, email, phone, join_date, password, role) VALUES (596, 'Oran', 'Gierke', 'ogierkef4@blogtalkradio.com', '+62 313 708 4350', '2023-12-28 17:05:41.195825', 'hD6`XqT$I"jF', 'USER');
INSERT INTO public.user_t (id, first_name, last_name, email, phone, join_date, password, role) VALUES (597, 'Shandee', 'Copland', 'scoplandf5@smh.com.au', '+380 708 819 4561', '2023-12-28 17:05:41.507973', 'yF8}oY\`wgK7=', 'USER');
INSERT INTO public.user_t (id, first_name, last_name, email, phone, join_date, password, role) VALUES (598, 'Millisent', 'Hulstrom', 'mhulstromf6@discovery.com', '+86 177 446 3679', '2023-12-28 17:05:41.755827', 'dC7|UHt,k1xN', 'USER');
INSERT INTO public.user_t (id, first_name, last_name, email, phone, join_date, password, role) VALUES (599, 'Izaak', 'Murra', 'imurraf7@nps.gov', '+55 997 410 4071', '2023-12-28 17:05:42.014278', 'yF6!6DT*', 'USER');
INSERT INTO public.user_t (id, first_name, last_name, email, phone, join_date, password, role) VALUES (600, 'Chaim', 'Farleigh', 'cfarleighf8@free.fr', '+255 478 130 7267', '2023-12-28 17:05:42.355828', 'lN6}sH%i', 'USER');
INSERT INTO public.user_t (id, first_name, last_name, email, phone, join_date, password, role) VALUES (601, 'Niles', 'Gillyatt', 'ngillyattf9@jigsy.com', '+1 801 789 5743', '2023-12-28 17:05:42.625491', 'xS5{)ecyz%d', 'USER');
INSERT INTO public.user_t (id, first_name, last_name, email, phone, join_date, password, role) VALUES (602, 'Gus', 'Hendriks', 'ghendriksfa@sphinn.com', '+86 944 176 7640', '2023-12-28 17:05:42.951837', 'dR5"Kk`3', 'USER');
INSERT INTO public.user_t (id, first_name, last_name, email, phone, join_date, password, role) VALUES (603, 'Kiersten', 'MacMenamy', 'kmacmenamyfb@csmonitor.com', '+30 766 970 0202', '2023-12-28 17:05:43.211616', 'hI2"dd@C*UFo#_', 'USER');
INSERT INTO public.user_t (id, first_name, last_name, email, phone, join_date, password, role) VALUES (604, 'Wilfred', 'Breazeall', 'wbreazeallfc@4shared.com', '+7 973 653 4758', '2023-12-28 17:05:43.491844', 'xY4,}y!''0*', 'USER');
INSERT INTO public.user_t (id, first_name, last_name, email, phone, join_date, password, role) VALUES (605, 'Lucais', 'Merryman', 'lmerrymanfd@multiply.com', '+357 632 153 2807', '2023-12-28 17:05:43.738802', 'zK3`vb}q~>|r+,y', 'USER');
INSERT INTO public.user_t (id, first_name, last_name, email, phone, join_date, password, role) VALUES (606, 'Erie', 'Ollander', 'eollanderfe@so-net.ne.jp', '+63 557 966 3802', '2023-12-28 17:05:43.986389', 'tW1+fZ~CZ20!X86', 'USER');
INSERT INTO public.user_t (id, first_name, last_name, email, phone, join_date, password, role) VALUES (607, 'Peterus', 'Vasyutichev', 'pvasyutichevff@canalblog.com', '+51 248 591 5340', '2023-12-28 17:05:44.283826', 'hG9.`r"*R/{', 'USER');
INSERT INTO public.user_t (id, first_name, last_name, email, phone, join_date, password, role) VALUES (608, 'Salaidh', 'Creenan', 'screenanfg@time.com', '+504 301 471 3383', '2023-12-28 17:05:44.55314', 'pQ8''V_0/?_\Ec', 'USER');
INSERT INTO public.user_t (id, first_name, last_name, email, phone, join_date, password, role) VALUES (609, 'Erika', 'Cumpsty', 'ecumpstyfh@sun.com', '+86 431 967 8505', '2023-12-28 17:05:45.153458', 'iP3*N+|n', 'USER');
INSERT INTO public.user_t (id, first_name, last_name, email, phone, join_date, password, role) VALUES (610, 'Perle', 'Youll', 'pyoullfi@sciencedaily.com', '+63 248 895 7000', '2023-12-28 17:05:45.531822', 'iW2@W`U/,e9Pg''4$', 'USER');
INSERT INTO public.user_t (id, first_name, last_name, email, phone, join_date, password, role) VALUES (611, 'Tanya', 'Sherbrooke', 'tsherbrookefj@biglobe.ne.jp', '+351 856 405 6285', '2023-12-28 17:05:45.957376', 'aO7~$2macbE%E<', 'USER');
INSERT INTO public.user_t (id, first_name, last_name, email, phone, join_date, password, role) VALUES (612, 'Minnaminnie', 'Milmore', 'mmilmorefk@ask.com', '+351 467 369 5645', '2023-12-28 17:05:46.35864', 'jH6<F~kOi*5wMb*\', 'USER');
INSERT INTO public.user_t (id, first_name, last_name, email, phone, join_date, password, role) VALUES (613, 'Sandor', 'Cleveley', 'scleveleyfl@sohu.com', '+63 693 282 7704', '2023-12-28 17:05:46.711844', 'lS1&6K2vKNS"=', 'USER');
INSERT INTO public.user_t (id, first_name, last_name, email, phone, join_date, password, role) VALUES (614, 'Gian', 'Nise', 'gnisefm@webs.com', '+86 661 980 7819', '2023-12-28 17:05:47.035317', 'yW2&&vx#\J>7wuAq', 'USER');
INSERT INTO public.user_t (id, first_name, last_name, email, phone, join_date, password, role) VALUES (615, 'Ivor', 'Olivi', 'iolivifn@yahoo.com', '+48 105 803 7445', '2023-12-28 17:05:47.283824', 'hS3.P@E4<1y?y', 'USER');
INSERT INTO public.user_t (id, first_name, last_name, email, phone, join_date, password, role) VALUES (616, 'Petunia', 'Sunnex', 'psunnexfo@usgs.gov', '+86 229 988 0894', '2023-12-28 17:05:47.528444', 'hJ4{qAA<6c~~s"q', 'USER');
INSERT INTO public.user_t (id, first_name, last_name, email, phone, join_date, password, role) VALUES (617, 'Quintina', 'Mickelwright', 'qmickelwrightfp@psu.edu', '+7 364 615 3579', '2023-12-28 17:05:47.786758', 'bF9#!*nYMG"(F#', 'USER');
INSERT INTO public.user_t (id, first_name, last_name, email, phone, join_date, password, role) VALUES (618, 'Rosita', 'Pallesen', 'rpallesenfq@weebly.com', '+62 260 497 3697', '2023-12-28 17:05:48.171826', 'uE9$Xsjvvn', 'USER');
INSERT INTO public.user_t (id, first_name, last_name, email, phone, join_date, password, role) VALUES (619, 'Tedman', 'McLane', 'tmclanefr@flickr.com', '+62 136 449 0918', '2023-12-28 17:05:48.415609', 'yG9@u5UdM', 'USER');
INSERT INTO public.user_t (id, first_name, last_name, email, phone, join_date, password, role) VALUES (620, 'Janot', 'Bootell', 'jbootellfs@reference.com', '+420 551 405 8940', '2023-12-28 17:05:48.658474', 'rZ1.MLJ>=4', 'USER');
INSERT INTO public.user_t (id, first_name, last_name, email, phone, join_date, password, role) VALUES (621, 'Cassandre', 'Hedworth', 'chedworthft@twitter.com', '+57 296 339 2720', '2023-12-28 17:05:49.004367', 'qB2%h7+|TMzK', 'USER');
INSERT INTO public.user_t (id, first_name, last_name, email, phone, join_date, password, role) VALUES (622, 'Jereme', 'Chase', 'jchasefu@theguardian.com', '+63 225 695 2441', '2023-12-28 17:05:49.27928', 'sC2|022~|', 'USER');
INSERT INTO public.user_t (id, first_name, last_name, email, phone, join_date, password, role) VALUES (623, 'Boyce', 'Sharvell', 'bsharvellfv@wunderground.com', '+225 420 172 3643', '2023-12-28 17:05:49.633435', 'rM6">2%gn', 'USER');
INSERT INTO public.user_t (id, first_name, last_name, email, phone, join_date, password, role) VALUES (624, 'Ronnie', 'Houten', 'rhoutenfw@time.com', '+31 812 980 5624', '2023-12-28 17:05:50.57567', 'kR4,PRx9axxi', 'USER');
INSERT INTO public.user_t (id, first_name, last_name, email, phone, join_date, password, role) VALUES (625, 'Orelle', 'Benn', 'obennfx@comcast.net', '+62 328 105 8984', '2023-12-28 17:05:50.956474', 'pH9\F?UiYU3', 'USER');
INSERT INTO public.user_t (id, first_name, last_name, email, phone, join_date, password, role) VALUES (626, 'Riccardo', 'Missenden', 'rmissendenfy@delicious.com', '+355 370 341 3155', '2023-12-28 17:05:51.240783', 'zA4(Rf0"_SUq&N', 'USER');
INSERT INTO public.user_t (id, first_name, last_name, email, phone, join_date, password, role) VALUES (627, 'Daveen', 'Dignon', 'ddignonfz@issuu.com', '+54 351 179 4552', '2023-12-28 17:05:51.931504', 'vQ9~eMpkB2', 'USER');
INSERT INTO public.user_t (id, first_name, last_name, email, phone, join_date, password, role) VALUES (628, 'Wendie', 'Inge', 'wingeg0@globo.com', '+269 580 331 5311', '2023-12-28 17:05:52.471949', 'mF9)Pfl''+{rTi', 'USER');
INSERT INTO public.user_t (id, first_name, last_name, email, phone, join_date, password, role) VALUES (629, 'Hamish', 'Attrie', 'hattrieg1@prnewswire.com', '+84 133 499 8920', '2023-12-28 17:05:53.083361', 'nD7<5ycF|', 'USER');
INSERT INTO public.user_t (id, first_name, last_name, email, phone, join_date, password, role) VALUES (630, 'Chrissie', 'Labdon', 'clabdong2@topsy.com', '+48 635 805 9167', '2023-12-28 17:05:53.685933', 'mC2,Z_"VZstx', 'USER');
INSERT INTO public.user_t (id, first_name, last_name, email, phone, join_date, password, role) VALUES (631, 'Garvin', 'D''Elia', 'gdeliag3@google.com.hk', '+86 186 539 0760', '2023-12-28 17:05:54.106336', 'wK3_7ptETT<', 'USER');
INSERT INTO public.user_t (id, first_name, last_name, email, phone, join_date, password, role) VALUES (632, 'Lari', 'Mugg', 'lmuggg4@netscape.com', '+33 897 763 1626', '2023-12-28 17:05:54.35959', 'mX4&"g|yMiU', 'USER');
INSERT INTO public.user_t (id, first_name, last_name, email, phone, join_date, password, role) VALUES (633, 'Bernadina', 'Cowling', 'bcowlingg5@soup.io', '+1 952 112 4408', '2023-12-28 17:05:54.675217', 'dX3}''jwq0B.', 'USER');
INSERT INTO public.user_t (id, first_name, last_name, email, phone, join_date, password, role) VALUES (634, 'Carson', 'Striker', 'cstrikerg6@mozilla.com', '+57 781 835 3609', '2023-12-28 17:05:54.944741', 'hU0|>C?W/%rOl)Up', 'USER');
INSERT INTO public.user_t (id, first_name, last_name, email, phone, join_date, password, role) VALUES (635, 'Craggie', 'Malyon', 'cmalyong7@tamu.edu', '+63 979 922 8951', '2023-12-28 17:05:55.194577', 'gR8+E/+zmpUM6Yw', 'USER');
INSERT INTO public.user_t (id, first_name, last_name, email, phone, join_date, password, role) VALUES (636, 'Sydelle', 'Cavell', 'scavellg8@webmd.com', '+63 449 145 9627', '2023-12-28 17:05:55.436221', 'yH7#ZM&XKybo5', 'USER');
INSERT INTO public.user_t (id, first_name, last_name, email, phone, join_date, password, role) VALUES (637, 'Stacey', 'Perrin', 'sperring9@123-reg.co.uk', '+963 956 119 6883', '2023-12-28 17:05:55.68793', 'jM3".l,n', 'USER');
INSERT INTO public.user_t (id, first_name, last_name, email, phone, join_date, password, role) VALUES (638, 'Britteny', 'Trevan', 'btrevanga@shinystat.com', '+63 464 698 0206', '2023-12-28 17:05:55.931773', 'zZ0)Y?STE(TebF`', 'USER');
INSERT INTO public.user_t (id, first_name, last_name, email, phone, join_date, password, role) VALUES (639, 'Morna', 'Cloutt', 'mclouttgb@ifeng.com', '+506 847 202 0282', '2023-12-28 17:05:56.174623', 'gO5?xlh(gM).q/|', 'USER');
INSERT INTO public.user_t (id, first_name, last_name, email, phone, join_date, password, role) VALUES (640, 'Kinna', 'Downes', 'kdownesgc@earthlink.net', '+48 384 433 7068', '2023-12-28 17:05:56.415497', 'uV3!WMf2JUl', 'USER');
INSERT INTO public.user_t (id, first_name, last_name, email, phone, join_date, password, role) VALUES (641, 'Sheilah', 'Chieco', 'schiecogd@timesonline.co.uk', '+48 670 412 6029', '2023-12-28 17:05:56.655918', 'mH3+oWj4tP0)WG9h', 'USER');
INSERT INTO public.user_t (id, first_name, last_name, email, phone, join_date, password, role) VALUES (642, 'Corena', 'Thebeaud', 'cthebeaudge@webeden.co.uk', '+371 921 355 7864', '2023-12-28 17:05:56.901692', 'wN4\6W1E', 'USER');
INSERT INTO public.user_t (id, first_name, last_name, email, phone, join_date, password, role) VALUES (643, 'Granger', 'Sciusscietto', 'gsciussciettogf@xing.com', '+62 725 922 7326', '2023-12-28 17:05:57.14775', 'sL0!HA,Ymt.js}{_', 'USER');
INSERT INTO public.user_t (id, first_name, last_name, email, phone, join_date, password, role) VALUES (644, 'Morley', 'Heber', 'mhebergg@ebay.com', '+1 516 280 1202', '2023-12-28 17:05:57.390487', 'mI8~LDy65VmZZ=', 'USER');
INSERT INTO public.user_t (id, first_name, last_name, email, phone, join_date, password, role) VALUES (645, 'Jaimie', 'Heintsch', 'jheintschgh@seattletimes.com', '+86 711 517 3531', '2023-12-28 17:05:57.639658', 'kW8*$Th(xv', 'USER');
INSERT INTO public.user_t (id, first_name, last_name, email, phone, join_date, password, role) VALUES (646, 'Renata', 'Paddington', 'rpaddingtongi@devhub.com', '+53 766 265 1005', '2023-12-28 17:05:57.879744', 'wD5>0&\X4}Mww>', 'USER');
INSERT INTO public.user_t (id, first_name, last_name, email, phone, join_date, password, role) VALUES (647, 'Michele', 'Van Driel', 'mvandrielgj@lycos.com', '+81 592 155 4716', '2023-12-28 17:05:58.124889', 'yH1?F1ZxYG%', 'USER');
INSERT INTO public.user_t (id, first_name, last_name, email, phone, join_date, password, role) VALUES (648, 'Alasdair', 'Megany', 'ameganygk@google.ca', '+506 811 594 6850', '2023-12-28 17:05:58.366632', 'qR1&AY(hf!HIHI\', 'USER');
INSERT INTO public.user_t (id, first_name, last_name, email, phone, join_date, password, role) VALUES (649, 'Beauregard', 'Goldsbrough', 'bgoldsbroughgl@illinois.edu', '+353 106 566 5087', '2023-12-28 17:05:58.614505', 'oO3(7{C7}''#{G', 'USER');
INSERT INTO public.user_t (id, first_name, last_name, email, phone, join_date, password, role) VALUES (650, 'Victoria', 'Revelle', 'vrevellegm@salon.com', '+86 157 909 9905', '2023-12-28 17:05:58.86838', 'eL7(hkg5la5(7%t%', 'USER');
INSERT INTO public.user_t (id, first_name, last_name, email, phone, join_date, password, role) VALUES (651, 'Sidney', 'Dacke', 'sdackegn@people.com.cn', '+55 482 440 4884', '2023-12-28 17:05:59.112569', 'xV5>G`d|?*pch%J', 'USER');
INSERT INTO public.user_t (id, first_name, last_name, email, phone, join_date, password, role) VALUES (652, 'Reuven', 'Clayworth', 'rclayworthgo@mashable.com', '+55 227 943 7107', '2023-12-28 17:05:59.354586', 'tP5{`VLK0l)D', 'USER');
INSERT INTO public.user_t (id, first_name, last_name, email, phone, join_date, password, role) VALUES (653, 'Ceciley', 'MacFadzan', 'cmacfadzangp@indiegogo.com', '+98 257 853 0197', '2023-12-28 17:05:59.595414', 'zR4)NzKRQn\{RhF', 'USER');
INSERT INTO public.user_t (id, first_name, last_name, email, phone, join_date, password, role) VALUES (654, 'Mortimer', 'Nancarrow', 'mnancarrowgq@sina.com.cn', '+86 945 574 3773', '2023-12-28 17:05:59.833458', 'hU9$.7LfZCH}2e', 'USER');
INSERT INTO public.user_t (id, first_name, last_name, email, phone, join_date, password, role) VALUES (655, 'Serge', 'Milnes', 'smilnesgr@uiuc.edu', '+55 196 654 3039', '2023-12-28 17:06:00.079726', 'qL3>/MOp&AW,)oc', 'USER');
INSERT INTO public.user_t (id, first_name, last_name, email, phone, join_date, password, role) VALUES (656, 'Gisele', 'Milson', 'gmilsongs@liveinternet.ru', '+353 744 211 2190', '2023-12-28 17:06:00.322748', 'xS3{FJ/UHP"k', 'USER');
INSERT INTO public.user_t (id, first_name, last_name, email, phone, join_date, password, role) VALUES (657, 'Maiga', 'Dominey', 'mdomineygt@ocn.ne.jp', '+86 902 192 9922', '2023-12-28 17:06:00.56616', 'oZ0#pC0OG*b!}o8', 'USER');
INSERT INTO public.user_t (id, first_name, last_name, email, phone, join_date, password, role) VALUES (658, 'Merry', 'Killiner', 'mkillinergu@jugem.jp', '+251 677 166 7379', '2023-12-28 17:06:00.985848', 'yL4%UX}Dw', 'USER');
INSERT INTO public.user_t (id, first_name, last_name, email, phone, join_date, password, role) VALUES (659, 'Noelle', 'MacParland', 'nmacparlandgv@yolasite.com', '+351 748 955 1793', '2023-12-28 17:06:01.268819', 'uL6''y?''nea}.Sj', 'USER');
INSERT INTO public.user_t (id, first_name, last_name, email, phone, join_date, password, role) VALUES (660, 'Mick', 'Phetteplace', 'mphetteplacegw@gmpg.org', '+7 165 999 6229', '2023-12-28 17:06:01.511835', 'wY3\*$bZN', 'USER');
INSERT INTO public.user_t (id, first_name, last_name, email, phone, join_date, password, role) VALUES (661, 'Casie', 'Rays', 'craysgx@unicef.org', '+86 169 278 7399', '2023-12-28 17:06:01.873448', 'sE7.oD{UFa', 'USER');
INSERT INTO public.user_t (id, first_name, last_name, email, phone, join_date, password, role) VALUES (662, 'Garek', 'Berthouloume', 'gberthouloumegy@g.co', '+33 621 768 2005', '2023-12-28 17:06:02.168134', 'cJ4,w%RBQ5L', 'USER');
INSERT INTO public.user_t (id, first_name, last_name, email, phone, join_date, password, role) VALUES (663, 'Waly', 'Evangelinos', 'wevangelinosgz@mayoclinic.com', '+86 628 594 0976', '2023-12-28 17:06:02.454435', 'rM2&E6A1jru', 'USER');
INSERT INTO public.user_t (id, first_name, last_name, email, phone, join_date, password, role) VALUES (664, 'Kori', 'Orchard', 'korchardh0@state.tx.us', '+20 362 159 5258', '2023-12-28 17:06:02.747837', 'eK8}Q|l}?lBGm''~\', 'USER');
INSERT INTO public.user_t (id, first_name, last_name, email, phone, join_date, password, role) VALUES (665, 'Leticia', 'Choffin', 'lchoffinh1@sakura.ne.jp', '+86 129 710 5511', '2023-12-28 17:06:02.995941', 'vH2!#KCugD%H', 'USER');
INSERT INTO public.user_t (id, first_name, last_name, email, phone, join_date, password, role) VALUES (666, 'Briant', 'Renouf', 'brenoufh2@ask.com', '+230 634 954 9119', '2023-12-28 17:06:03.243872', 'pP1=v(d3z', 'USER');
INSERT INTO public.user_t (id, first_name, last_name, email, phone, join_date, password, role) VALUES (667, 'Oralia', 'Benka', 'obenkah3@digg.com', '+595 483 717 8484', '2023-12-28 17:06:03.487829', 'aT7`\yYu!u!6F', 'USER');
INSERT INTO public.user_t (id, first_name, last_name, email, phone, join_date, password, role) VALUES (668, 'Emmanuel', 'Denisyuk', 'edenisyukh4@jigsy.com', '+57 162 251 3999', '2023-12-28 17:06:03.743719', 'dS3%1NEO', 'USER');
INSERT INTO public.user_t (id, first_name, last_name, email, phone, join_date, password, role) VALUES (669, 'Paolina', 'Wrettum', 'pwrettumh5@de.vu', '+372 284 879 7880', '2023-12-28 17:06:04.00384', 'vZ2$fR9<sqSGL<', 'USER');
INSERT INTO public.user_t (id, first_name, last_name, email, phone, join_date, password, role) VALUES (670, 'Bernetta', 'Whoston', 'bwhostonh6@odnoklassniki.ru', '+63 488 778 6043', '2023-12-28 17:06:04.258125', 'rE2{=7fj#', 'USER');
INSERT INTO public.user_t (id, first_name, last_name, email, phone, join_date, password, role) VALUES (671, 'Kearney', 'Diegan', 'kdieganh7@webs.com', '+63 635 263 3607', '2023-12-28 17:06:04.531211', 'kD3.L9''|g', 'USER');
INSERT INTO public.user_t (id, first_name, last_name, email, phone, join_date, password, role) VALUES (672, 'Ciel', 'Ferne', 'cferneh8@netscape.com', '+385 987 527 3630', '2023-12-28 17:06:04.847855', 'zK5(3|$''W6,Tbf', 'USER');
INSERT INTO public.user_t (id, first_name, last_name, email, phone, join_date, password, role) VALUES (673, 'Gregory', 'Wrightem', 'gwrightemh9@skype.com', '+86 892 864 8583', '2023-12-28 17:06:05.099816', 'iR2!"!bI', 'USER');
INSERT INTO public.user_t (id, first_name, last_name, email, phone, join_date, password, role) VALUES (674, 'Maybelle', 'Mathou', 'mmathouha@jimdo.com', '+269 383 725 1348', '2023-12-28 17:06:05.357591', 'yT5,n/mwJUGH', 'USER');
INSERT INTO public.user_t (id, first_name, last_name, email, phone, join_date, password, role) VALUES (675, 'Cirstoforo', 'Halgarth', 'chalgarthhb@psu.edu', '+55 163 485 2487', '2023-12-28 17:06:05.603792', 'vO5./$%>V)ZEu', 'USER');
INSERT INTO public.user_t (id, first_name, last_name, email, phone, join_date, password, role) VALUES (676, 'Elaine', 'Favela', 'efavelahc@buzzfeed.com', '+500 600 715 2084', '2023-12-28 17:06:05.879829', 'sI1@I`Yq}!nAoZe', 'USER');
INSERT INTO public.user_t (id, first_name, last_name, email, phone, join_date, password, role) VALUES (677, 'Kyle', 'Machin', 'kmachinhd@example.com', '+234 401 642 0869', '2023-12-28 17:06:06.123877', 'kB6{k?Fb|rmQ\)y\', 'USER');
INSERT INTO public.user_t (id, first_name, last_name, email, phone, join_date, password, role) VALUES (678, 'Almeda', 'Petera', 'apeterahe@ft.com', '+62 617 253 5684', '2023-12-28 17:06:06.373424', 'fA0}{e6)c(mTY#', 'USER');
INSERT INTO public.user_t (id, first_name, last_name, email, phone, join_date, password, role) VALUES (679, 'Cynthy', 'Dudliston', 'cdudlistonhf@dedecms.com', '+86 634 102 3319', '2023-12-28 17:06:06.634687', 'eS0(V)g?', 'USER');
INSERT INTO public.user_t (id, first_name, last_name, email, phone, join_date, password, role) VALUES (680, 'Leandra', 'Shardlow', 'lshardlowhg@unc.edu', '+33 609 907 7771', '2023-12-28 17:06:06.975543', 'xW4`tfXa%/mNA', 'USER');
INSERT INTO public.user_t (id, first_name, last_name, email, phone, join_date, password, role) VALUES (681, 'Benton', 'Donegan', 'bdoneganhh@vk.com', '+86 448 844 6094', '2023-12-28 17:06:07.375639', 'iE9{QQ)vF0=Fg13', 'USER');
INSERT INTO public.user_t (id, first_name, last_name, email, phone, join_date, password, role) VALUES (682, 'Hamnet', 'Pattisson', 'hpattissonhi@smh.com.au', '+353 855 963 5495', '2023-12-28 17:06:07.719487', 'fW9%T9&*q', 'USER');
INSERT INTO public.user_t (id, first_name, last_name, email, phone, join_date, password, role) VALUES (683, 'Trish', 'Work', 'tworkhj@dot.gov', '+352 105 749 3825', '2023-12-28 17:06:08.036851', 'dX3_T\tO', 'USER');
INSERT INTO public.user_t (id, first_name, last_name, email, phone, join_date, password, role) VALUES (684, 'Angelia', 'Thompstone', 'athompstonehk@zimbio.com', '+52 488 950 7874', '2023-12-28 17:06:08.359825', 'iI6`IA*X`pqNJsX', 'USER');
INSERT INTO public.user_t (id, first_name, last_name, email, phone, join_date, password, role) VALUES (685, 'Tiena', 'Charlewood', 'tcharlewoodhl@google.fr', '+86 116 722 3422', '2023-12-28 17:06:08.604524', 'pC2_9zG?/.NtCGS', 'USER');
INSERT INTO public.user_t (id, first_name, last_name, email, phone, join_date, password, role) VALUES (686, 'Claudelle', 'Jeness', 'cjenesshm@geocities.com', '+7 565 945 1319', '2023-12-28 17:06:08.862604', 'wA2/_#,"DP', 'USER');
INSERT INTO public.user_t (id, first_name, last_name, email, phone, join_date, password, role) VALUES (687, 'Worthington', 'Kernoghan', 'wkernoghanhn@weibo.com', '+86 359 868 9278', '2023-12-28 17:06:09.101459', 'pC1)VnmbbNU.S4', 'USER');
INSERT INTO public.user_t (id, first_name, last_name, email, phone, join_date, password, role) VALUES (688, 'Beniamino', 'Sercombe', 'bsercombeho@globo.com', '+48 237 982 9454', '2023-12-28 17:06:09.342647', 'cA3"6U<l%\u', 'USER');
INSERT INTO public.user_t (id, first_name, last_name, email, phone, join_date, password, role) VALUES (689, 'Catlin', 'Osgerby', 'cosgerbyhp@forbes.com', '+598 979 777 7253', '2023-12-28 17:06:09.582747', 'iK0<,vRCsIux', 'USER');
INSERT INTO public.user_t (id, first_name, last_name, email, phone, join_date, password, role) VALUES (690, 'Merlina', 'Alleburton', 'malleburtonhq@reuters.com', '+351 317 914 3614', '2023-12-28 17:06:09.821854', 'vX7&zUe,~Q.Y~8', 'USER');
INSERT INTO public.user_t (id, first_name, last_name, email, phone, join_date, password, role) VALUES (691, 'Gus', 'Dellit', 'gdellithr@is.gd', '+81 919 207 0060', '2023-12-28 17:06:10.07235', 'cF7&2YxY)rM7', 'USER');
INSERT INTO public.user_t (id, first_name, last_name, email, phone, join_date, password, role) VALUES (692, 'Nick', 'Glusby', 'nglusbyhs@usnews.com', '+7 378 742 3587', '2023-12-28 17:06:10.317856', 'wO7/0a!N@S9R.', 'USER');
INSERT INTO public.user_t (id, first_name, last_name, email, phone, join_date, password, role) VALUES (693, 'Barbabra', 'Vane', 'bvaneht@mail.ru', '+254 299 901 6402', '2023-12-28 17:06:10.571829', 'jN0?NeV>C*b', 'USER');
INSERT INTO public.user_t (id, first_name, last_name, email, phone, join_date, password, role) VALUES (694, 'Irwinn', 'Crutcher', 'icrutcherhu@virginia.edu', '+375 503 273 0064', '2023-12-28 17:06:10.873303', 'tZ0$''i\c', 'USER');
INSERT INTO public.user_t (id, first_name, last_name, email, phone, join_date, password, role) VALUES (695, 'Christian', 'Marcoolyn', 'cmarcoolynhv@taobao.com', '+7 573 290 6934', '2023-12-28 17:06:11.167824', 'iJ7\/Q3si=$L0Tn%', 'USER');
INSERT INTO public.user_t (id, first_name, last_name, email, phone, join_date, password, role) VALUES (696, 'Amelita', 'Ramsier', 'aramsierhw@columbia.edu', '+380 754 259 0291', '2023-12-28 17:06:11.426529', 'hG6''x''<{', 'USER');
INSERT INTO public.user_t (id, first_name, last_name, email, phone, join_date, password, role) VALUES (697, 'Marijn', 'Mardling', 'mmardlinghx@github.io', '+351 970 373 4836', '2023-12-28 17:06:11.767915', 'aL0.|e17vl.', 'USER');
INSERT INTO public.user_t (id, first_name, last_name, email, phone, join_date, password, role) VALUES (698, 'Minerva', 'Chalfain', 'mchalfainhy@google.pl', '+48 827 356 1888', '2023-12-28 17:06:12.069432', 'mI8%.XI/B?V>kxTo', 'USER');
INSERT INTO public.user_t (id, first_name, last_name, email, phone, join_date, password, role) VALUES (699, 'Janis', 'Orteau', 'jorteauhz@topsy.com', '+51 861 220 4153', '2023-12-28 17:06:12.367839', 'sU9$9`_bc', 'USER');
INSERT INTO public.user_t (id, first_name, last_name, email, phone, join_date, password, role) VALUES (700, 'Windham', 'Ollcott', 'wollcotti0@redcross.org', '+7 129 377 5897', '2023-12-28 17:06:12.671926', 'uA5%A''nkpP8uC4YO', 'USER');
INSERT INTO public.user_t (id, first_name, last_name, email, phone, join_date, password, role) VALUES (701, 'Derrek', 'Burne', 'dburnei1@sourceforge.net', '+1 754 955 2536', '2023-12-28 17:06:12.916752', 'eO7&))O9GTi1p4m', 'USER');
INSERT INTO public.user_t (id, first_name, last_name, email, phone, join_date, password, role) VALUES (702, 'Cleve', 'Fruchon', 'cfruchoni2@businessinsider.com', '+291 719 560 7277', '2023-12-28 17:06:13.170661', 'cU4"BGxRN9E', 'USER');
INSERT INTO public.user_t (id, first_name, last_name, email, phone, join_date, password, role) VALUES (703, 'Jdavie', 'Spellissy', 'jspellissyi3@accuweather.com', '+255 819 343 7487', '2023-12-28 17:06:13.415579', 'tU7>4a{R6AZqU', 'USER');
INSERT INTO public.user_t (id, first_name, last_name, email, phone, join_date, password, role) VALUES (704, 'Barthel', 'Nordass', 'bnordassi4@cloudflare.com', '+86 472 321 2985', '2023-12-28 17:06:13.659764', 'yW4}_`1\6\"~,Dm', 'USER');
INSERT INTO public.user_t (id, first_name, last_name, email, phone, join_date, password, role) VALUES (705, 'Ivy', 'Rustan', 'irustani5@vimeo.com', '+57 620 622 1220', '2023-12-28 17:06:13.899974', 'oR1&aYG%2Fww', 'USER');
INSERT INTO public.user_t (id, first_name, last_name, email, phone, join_date, password, role) VALUES (706, 'Karol', 'Ferres', 'kferresi6@marriott.com', '+62 996 930 6239', '2023-12-28 17:06:14.150572', 'qA8%,L#M,,', 'USER');
INSERT INTO public.user_t (id, first_name, last_name, email, phone, join_date, password, role) VALUES (707, 'Randy', 'Southwood', 'rsouthwoodi7@mail.ru', '+385 996 791 8923', '2023-12-28 17:06:14.390344', 'jD0''!~&C1HN%''', 'USER');
INSERT INTO public.user_t (id, first_name, last_name, email, phone, join_date, password, role) VALUES (708, 'Ag', 'Naulls', 'anaullsi8@umich.edu', '+7 716 360 9157', '2023-12-28 17:06:14.643627', 'eW3|z=iCHRo9$rQ', 'USER');
INSERT INTO public.user_t (id, first_name, last_name, email, phone, join_date, password, role) VALUES (709, 'Kristy', 'Ollander', 'kollanderi9@chron.com', '+58 193 395 9116', '2023-12-28 17:06:14.883475', 'xS4\gJ\hcMvL', 'USER');
INSERT INTO public.user_t (id, first_name, last_name, email, phone, join_date, password, role) VALUES (710, 'Levy', 'Kellough', 'lkelloughia@youku.com', '+30 598 385 5378', '2023-12-28 17:06:15.132018', 'mG5&ATir@P*Xa?,*', 'USER');
INSERT INTO public.user_t (id, first_name, last_name, email, phone, join_date, password, role) VALUES (711, 'Vale', 'Pennycock', 'vpennycockib@storify.com', '+7 643 182 6963', '2023-12-28 17:06:15.383886', 'gQ7?mD(9V', 'USER');
INSERT INTO public.user_t (id, first_name, last_name, email, phone, join_date, password, role) VALUES (712, 'Dewey', 'Roddick', 'droddickic@dyndns.org', '+355 894 528 1857', '2023-12-28 17:06:15.625693', 'cJ7"+X.f%*OC"Y', 'USER');
INSERT INTO public.user_t (id, first_name, last_name, email, phone, join_date, password, role) VALUES (713, 'Anthiathia', 'Szymonowicz', 'aszymonowiczid@usgs.gov', '+234 242 794 1388', '2023-12-28 17:06:15.871203', 'fT0%>BN6T|x!Aw', 'USER');
INSERT INTO public.user_t (id, first_name, last_name, email, phone, join_date, password, role) VALUES (714, 'Hammad', 'Naptin', 'hnaptinie@istockphoto.com', '+86 601 521 4687', '2023-12-28 17:06:16.119828', 'oZ4/?Tj<B$l#R*', 'USER');
INSERT INTO public.user_t (id, first_name, last_name, email, phone, join_date, password, role) VALUES (715, 'Pavia', 'Reddell', 'preddellif@theguardian.com', '+420 728 993 2382', '2023-12-28 17:06:16.362626', 'jX9>C!%?cK$', 'USER');
INSERT INTO public.user_t (id, first_name, last_name, email, phone, join_date, password, role) VALUES (716, 'Nikolia', 'Fowells', 'nfowellsig@fc2.com', '+371 294 289 7725', '2023-12-28 17:06:16.602808', 'rV9*_C''c)l', 'USER');
INSERT INTO public.user_t (id, first_name, last_name, email, phone, join_date, password, role) VALUES (717, 'Franny', 'Cornelissen', 'fcornelissenih@house.gov', '+386 621 335 4297', '2023-12-28 17:06:16.882604', 'gX2''S8F"', 'USER');
INSERT INTO public.user_t (id, first_name, last_name, email, phone, join_date, password, role) VALUES (718, 'Bobbye', 'Waiting', 'bwaitingii@google.co.uk', '+86 934 386 5317', '2023-12-28 17:06:17.163842', 'kJ3\c"ae=', 'USER');
INSERT INTO public.user_t (id, first_name, last_name, email, phone, join_date, password, role) VALUES (719, 'Pamella', 'Fetherston', 'pfetherstonij@squidoo.com', '+86 516 818 6578', '2023-12-28 17:06:17.440951', 'kC8#9S8cc14', 'USER');
INSERT INTO public.user_t (id, first_name, last_name, email, phone, join_date, password, role) VALUES (720, 'Marven', 'Hegden', 'mhegdenik@histats.com', '+86 792 532 2394', '2023-12-28 17:06:17.683913', 'pM9#T%cZeo\)', 'USER');
INSERT INTO public.user_t (id, first_name, last_name, email, phone, join_date, password, role) VALUES (721, 'Jamey', 'Beevers', 'jbeeversil@fema.gov', '+66 701 355 4678', '2023-12-28 17:06:17.927669', 'mO4%Wt3NT8T', 'USER');
INSERT INTO public.user_t (id, first_name, last_name, email, phone, join_date, password, role) VALUES (722, 'Christoper', 'Farron', 'cfarronim@sphinn.com', '+7 166 158 3566', '2023-12-28 17:06:18.167565', 'nG7?f4leOr9!a', 'USER');
INSERT INTO public.user_t (id, first_name, last_name, email, phone, join_date, password, role) VALUES (723, 'Gussi', 'Beranek', 'gberanekin@zdnet.com', '+249 422 667 8771', '2023-12-28 17:06:18.424664', 'xM2(|M!`3+ud', 'USER');
INSERT INTO public.user_t (id, first_name, last_name, email, phone, join_date, password, role) VALUES (724, 'Frankie', 'Rentalll', 'frentalllio@fastcompany.com', '+63 405 354 3849', '2023-12-28 17:06:18.675134', 'uZ3/#CXy%', 'USER');
INSERT INTO public.user_t (id, first_name, last_name, email, phone, join_date, password, role) VALUES (725, 'Merwyn', 'Pic', 'mpicip@booking.com', '+1 898 533 8094', '2023-12-28 17:06:18.918783', 'dD9/_JeNGm', 'USER');
INSERT INTO public.user_t (id, first_name, last_name, email, phone, join_date, password, role) VALUES (726, 'Lorant', 'McAlarney', 'lmcalarneyiq@oracle.com', '+62 851 180 3633', '2023-12-28 17:06:19.173632', 'rO6/U9l"v@fG9N', 'USER');
INSERT INTO public.user_t (id, first_name, last_name, email, phone, join_date, password, role) VALUES (727, 'Bradley', 'Finker', 'bfinkerir@webnode.com', '+7 906 737 3720', '2023-12-28 17:06:19.418843', 'tN4?~,BV*>0&', 'USER');
INSERT INTO public.user_t (id, first_name, last_name, email, phone, join_date, password, role) VALUES (728, 'Ramon', 'Grishin', 'rgrishinis@pbs.org', '+84 749 501 7912', '2023-12-28 17:06:19.730838', 'oE3!tWsoo\$k{', 'USER');
INSERT INTO public.user_t (id, first_name, last_name, email, phone, join_date, password, role) VALUES (729, 'Franky', 'Abramow', 'fabramowit@hatena.ne.jp', '+387 289 835 9731', '2023-12-28 17:06:19.971748', 'rJ5.*~g3J&uJuO', 'USER');
INSERT INTO public.user_t (id, first_name, last_name, email, phone, join_date, password, role) VALUES (730, 'Judith', 'Huscroft', 'jhuscroftiu@desdev.cn', '+351 741 293 0169', '2023-12-28 17:06:20.210596', 'xA3$rM|1CSN&G%.D', 'USER');
INSERT INTO public.user_t (id, first_name, last_name, email, phone, join_date, password, role) VALUES (731, 'Meridel', 'Room', 'mroomiv@wired.com', '+268 286 529 7753', '2023-12-28 17:06:20.455609', 'sC2=IyB7XM+ofp', 'USER');
INSERT INTO public.user_t (id, first_name, last_name, email, phone, join_date, password, role) VALUES (732, 'Ashley', 'Cranshaw', 'acranshawiw@google.de', '+63 843 949 2305', '2023-12-28 17:06:20.771863', 'iN3)&2yZtL7HSY', 'USER');
INSERT INTO public.user_t (id, first_name, last_name, email, phone, join_date, password, role) VALUES (733, 'Ezri', 'Croose', 'ecrooseix@list-manage.com', '+86 990 311 9195', '2023-12-28 17:06:21.071816', 'nG1!1vDkU', 'USER');
INSERT INTO public.user_t (id, first_name, last_name, email, phone, join_date, password, role) VALUES (734, 'Giuseppe', 'Bruna', 'gbrunaiy@about.me', '+48 706 783 9247', '2023-12-28 17:06:21.311128', 'uP9''Cizw>YYc.A', 'USER');
INSERT INTO public.user_t (id, first_name, last_name, email, phone, join_date, password, role) VALUES (735, 'Jecho', 'Hurche', 'jhurcheiz@ebay.co.uk', '+972 809 513 0959', '2023-12-28 17:06:21.575823', 'hB4{wdhvssT*', 'USER');
INSERT INTO public.user_t (id, first_name, last_name, email, phone, join_date, password, role) VALUES (736, 'Cacilie', 'Chatteris', 'cchatterisj0@issuu.com', '+62 691 263 0320', '2023-12-28 17:06:21.867875', 'hJ2_Wsm=MJcdER8', 'USER');
INSERT INTO public.user_t (id, first_name, last_name, email, phone, join_date, password, role) VALUES (737, 'Lars', 'Lockney', 'llockneyj1@fda.gov', '+880 547 671 1310', '2023-12-28 17:06:22.167838', 'vP0(''''=O29S', 'USER');
INSERT INTO public.user_t (id, first_name, last_name, email, phone, join_date, password, role) VALUES (738, 'Kalil', 'Swansborough', 'kswansboroughj2@un.org', '+86 646 265 4565', '2023-12-28 17:06:22.418597', 'bH4%l>@f">6', 'USER');
INSERT INTO public.user_t (id, first_name, last_name, email, phone, join_date, password, role) VALUES (739, 'Filippa', 'Howells', 'fhowellsj3@gnu.org', '+357 173 531 1961', '2023-12-28 17:06:22.768224', 'iX0%2MN58/eVh', 'USER');
INSERT INTO public.user_t (id, first_name, last_name, email, phone, join_date, password, role) VALUES (740, 'Rosco', 'Eadmeads', 'readmeadsj4@archive.org', '+54 568 907 6669', '2023-12-28 17:06:23.007919', 'sG8\xi9_~4h,|', 'USER');
INSERT INTO public.user_t (id, first_name, last_name, email, phone, join_date, password, role) VALUES (741, 'Erek', 'Kidman', 'ekidmanj5@abc.net.au', '+245 550 594 1085', '2023-12-28 17:06:23.283832', 'eI9%J?{!9P=bcz', 'USER');
INSERT INTO public.user_t (id, first_name, last_name, email, phone, join_date, password, role) VALUES (742, 'Horacio', 'Iannini', 'hianninij6@dion.ne.jp', '+62 263 335 2185', '2023-12-28 17:06:23.528381', 'mD2`%a!E|ZG(', 'USER');
INSERT INTO public.user_t (id, first_name, last_name, email, phone, join_date, password, role) VALUES (743, 'Donia', 'Westcarr', 'dwestcarrj7@wikia.com', '+92 654 477 0413', '2023-12-28 17:06:23.808531', 'iJ7"SgM$7eF&zi', 'USER');
INSERT INTO public.user_t (id, first_name, last_name, email, phone, join_date, password, role) VALUES (744, 'Lonny', 'Morrill', 'lmorrillj8@nih.gov', '+223 199 904 3684', '2023-12-28 17:06:24.054697', 'uU5>p#.3', 'USER');
INSERT INTO public.user_t (id, first_name, last_name, email, phone, join_date, password, role) VALUES (745, 'Kandy', 'Hamlet', 'khamletj9@360.cn', '+46 355 813 8424', '2023-12-28 17:06:24.295708', 'nI7"Te~d$Fs''FIEl', 'USER');
INSERT INTO public.user_t (id, first_name, last_name, email, phone, join_date, password, role) VALUES (746, 'Barris', 'Pergens', 'bpergensja@slashdot.org', '+86 743 853 6157', '2023-12-28 17:06:24.539732', 'fX0>Wh1\sAYr|3', 'USER');
INSERT INTO public.user_t (id, first_name, last_name, email, phone, join_date, password, role) VALUES (747, 'Amie', 'Lyle', 'alylejb@angelfire.com', '+509 987 505 3347', '2023-12-28 17:06:24.783743', 'sV3#G5zA7', 'USER');
INSERT INTO public.user_t (id, first_name, last_name, email, phone, join_date, password, role) VALUES (748, 'Mable', 'Crawley', 'mcrawleyjc@example.com', '+62 818 334 1225', '2023-12-28 17:06:25.023893', 'vC6`H{Cx', 'USER');
INSERT INTO public.user_t (id, first_name, last_name, email, phone, join_date, password, role) VALUES (749, 'Ilyssa', 'Wenman', 'iwenmanjd@miibeian.gov.cn', '+62 248 622 3292', '2023-12-28 17:06:25.265671', 'iZ5\7Y?93/O(j', 'USER');
INSERT INTO public.user_t (id, first_name, last_name, email, phone, join_date, password, role) VALUES (750, 'Ebenezer', 'Verryan', 'everryanje@ow.ly', '+86 502 122 0549', '2023-12-28 17:06:25.505529', 'wY9=eZhI\r', 'USER');
INSERT INTO public.user_t (id, first_name, last_name, email, phone, join_date, password, role) VALUES (751, 'Lammond', 'Corbie', 'lcorbiejf@yale.edu', '+57 740 109 0669', '2023-12-28 17:06:25.759628', 'eL2?3q4=i413t', 'USER');
INSERT INTO public.user_t (id, first_name, last_name, email, phone, join_date, password, role) VALUES (752, 'Dore', 'Goane', 'dgoanejg@hc360.com', '+54 203 619 4763', '2023-12-28 17:06:26.002573', 'iB9%\@0e#{d', 'USER');
INSERT INTO public.user_t (id, first_name, last_name, email, phone, join_date, password, role) VALUES (753, 'Carolus', 'Bilbrooke', 'cbilbrookejh@scientificamerican.com', '+7 196 934 3482', '2023-12-28 17:06:26.259851', 'dA1,POxZ#', 'USER');
INSERT INTO public.user_t (id, first_name, last_name, email, phone, join_date, password, role) VALUES (754, 'Catlaina', 'McGuane', 'cmcguaneji@cbc.ca', '+962 868 316 3304', '2023-12-28 17:06:26.511928', 'jL8(T/iKHw3b&', 'USER');
INSERT INTO public.user_t (id, first_name, last_name, email, phone, join_date, password, role) VALUES (755, 'Durante', 'Gumn', 'dgumnjj@cbc.ca', '+86 954 119 3357', '2023-12-28 17:06:26.755687', 'xI6$"6i&,o@v*dLp', 'USER');
INSERT INTO public.user_t (id, first_name, last_name, email, phone, join_date, password, role) VALUES (756, 'Cameron', 'Enticknap', 'centicknapjk@craigslist.org', '+86 794 453 1437', '2023-12-28 17:06:26.999941', 'hD4+s7_t', 'USER');
INSERT INTO public.user_t (id, first_name, last_name, email, phone, join_date, password, role) VALUES (757, 'Yetty', 'Dow', 'ydowjl@who.int', '+251 463 621 3204', '2023-12-28 17:06:27.288877', 'gP2=|XN8', 'USER');
INSERT INTO public.user_t (id, first_name, last_name, email, phone, join_date, password, role) VALUES (758, 'Paton', 'Frentz', 'pfrentzjm@dion.ne.jp', '+86 714 676 8703', '2023-12-28 17:06:27.53293', 'oE4''zm`@dkW', 'USER');
INSERT INTO public.user_t (id, first_name, last_name, email, phone, join_date, password, role) VALUES (759, 'Antonia', 'Bourtoumieux', 'abourtoumieuxjn@gnu.org', '+62 482 627 6428', '2023-12-28 17:06:27.783827', 'aP8$%L%d', 'USER');
INSERT INTO public.user_t (id, first_name, last_name, email, phone, join_date, password, role) VALUES (760, 'Flor', 'Littleproud', 'flittleproudjo@addtoany.com', '+7 274 696 4952', '2023-12-28 17:06:28.026794', 'wB7)ZET9XF6=jy', 'USER');
INSERT INTO public.user_t (id, first_name, last_name, email, phone, join_date, password, role) VALUES (761, 'Gustie', 'Bolduc', 'gbolducjp@cmu.edu', '+62 839 294 7666', '2023-12-28 17:06:28.271831', 'fU7)gF6\_', 'USER');
INSERT INTO public.user_t (id, first_name, last_name, email, phone, join_date, password, role) VALUES (762, 'Ebeneser', 'Hymus', 'ehymusjq@earthlink.net', '+86 649 758 3103', '2023-12-28 17:06:28.519027', 'tM2""_|QB>bFs#)', 'USER');
INSERT INTO public.user_t (id, first_name, last_name, email, phone, join_date, password, role) VALUES (763, 'Bertrand', 'Youngman', 'byoungmanjr@storify.com', '+62 980 736 3162', '2023-12-28 17:06:28.771838', 'eG3\?blGU\{', 'USER');
INSERT INTO public.user_t (id, first_name, last_name, email, phone, join_date, password, role) VALUES (764, 'Tam', 'Nekrews', 'tnekrewsjs@symantec.com', '+33 967 958 1329', '2023-12-28 17:06:29.018761', 'dE8\~vF}iYA%2*Q', 'USER');
INSERT INTO public.user_t (id, first_name, last_name, email, phone, join_date, password, role) VALUES (765, 'Renata', 'Leafe', 'rleafejt@unblog.fr', '+62 365 100 3692', '2023-12-28 17:06:29.291831', 'bO5$IlZ5BtV}', 'USER');
INSERT INTO public.user_t (id, first_name, last_name, email, phone, join_date, password, role) VALUES (766, 'Myrna', 'Awty', 'mawtyju@booking.com', '+86 816 401 3594', '2023-12-28 17:06:29.537468', 'tD3!|''21Md04', 'USER');
INSERT INTO public.user_t (id, first_name, last_name, email, phone, join_date, password, role) VALUES (767, 'Homerus', 'Oriel', 'horieljv@sfgate.com', '+62 251 773 7318', '2023-12-28 17:06:29.785996', 'yP3}(p9P6', 'USER');
INSERT INTO public.user_t (id, first_name, last_name, email, phone, join_date, password, role) VALUES (768, 'Floria', 'Chown', 'fchownjw@w3.org', '+355 662 464 8261', '2023-12-28 17:06:30.035837', 'tE2?wpjFwv#UKM,', 'USER');
INSERT INTO public.user_t (id, first_name, last_name, email, phone, join_date, password, role) VALUES (769, 'Ram', 'Scholig', 'rscholigjx@timesonline.co.uk', '+62 472 134 8727', '2023-12-28 17:06:30.285957', 'vV7~fN>B1O', 'USER');
INSERT INTO public.user_t (id, first_name, last_name, email, phone, join_date, password, role) VALUES (770, 'Jodie', 'Cainey', 'jcaineyjy@un.org', '+62 374 886 1121', '2023-12-28 17:06:30.527734', 'aC5,(kkgT', 'USER');
INSERT INTO public.user_t (id, first_name, last_name, email, phone, join_date, password, role) VALUES (771, 'Glynnis', 'Daugherty', 'gdaughertyjz@i2i.jp', '+7 477 759 6384', '2023-12-28 17:06:30.779857', 'dO2_390ski}$H`K9', 'USER');
INSERT INTO public.user_t (id, first_name, last_name, email, phone, join_date, password, role) VALUES (772, 'Marthe', 'Dulake', 'mdulakek0@un.org', '+81 287 711 3829', '2023-12-28 17:06:31.067836', 'qI9_N=9Xr5kiJ&2', 'USER');
INSERT INTO public.user_t (id, first_name, last_name, email, phone, join_date, password, role) VALUES (773, 'Una', 'Armytage', 'uarmytagek1@rediff.com', '+92 549 699 8774', '2023-12-28 17:06:31.485986', 'uI6+jCqj3}HV+', 'USER');
INSERT INTO public.user_t (id, first_name, last_name, email, phone, join_date, password, role) VALUES (774, 'Garrott', 'Cruickshanks', 'gcruickshanksk2@cdbaby.com', '+55 586 665 1265', '2023-12-28 17:06:31.915389', 'iV9!ZYo#zfQj', 'USER');
INSERT INTO public.user_t (id, first_name, last_name, email, phone, join_date, password, role) VALUES (775, 'Leontine', 'Scapens', 'lscapensk3@free.fr', '+98 207 400 3366', '2023-12-28 17:06:32.467859', 'iB7~`0dXH', 'USER');
INSERT INTO public.user_t (id, first_name, last_name, email, phone, join_date, password, role) VALUES (776, 'Verina', 'Wozencraft', 'vwozencraftk4@netscape.com', '+31 567 252 5654', '2023-12-28 17:06:32.860029', 'wR2#KO=cOr6C', 'USER');
INSERT INTO public.user_t (id, first_name, last_name, email, phone, join_date, password, role) VALUES (777, 'Miles', 'Prinett', 'mprinettk5@state.gov', '+62 617 765 5413', '2023-12-28 17:06:33.21395', 'bR2\=AcOo', 'USER');
INSERT INTO public.user_t (id, first_name, last_name, email, phone, join_date, password, role) VALUES (778, 'Rhys', 'Stegers', 'rstegersk6@pinterest.com', '+31 153 622 8093', '2023-12-28 17:06:33.463855', 'gD1$1}lsT~S.+(9', 'USER');
INSERT INTO public.user_t (id, first_name, last_name, email, phone, join_date, password, role) VALUES (779, 'Penni', 'Andreoletti', 'pandreolettik7@pbs.org', '+7 905 521 7622', '2023-12-28 17:06:33.724032', 'sD2/=m.&sTg3FXD''', 'USER');
INSERT INTO public.user_t (id, first_name, last_name, email, phone, join_date, password, role) VALUES (780, 'Jackelyn', 'Hailes', 'jhailesk8@i2i.jp', '+62 201 245 1626', '2023-12-28 17:06:33.988017', 'iA2\Wsxnsi', 'USER');
INSERT INTO public.user_t (id, first_name, last_name, email, phone, join_date, password, role) VALUES (781, 'Candide', 'Creyke', 'ccreykek9@usgs.gov', '+7 366 597 2464', '2023-12-28 17:06:34.283864', 'uM7._t)~{OkS5{', 'USER');
INSERT INTO public.user_t (id, first_name, last_name, email, phone, join_date, password, role) VALUES (782, 'Lindon', 'Upham', 'luphamka@microsoft.com', '+57 165 690 9438', '2023-12-28 17:06:34.560159', 'wM7/&>k8J~', 'USER');
INSERT INTO public.user_t (id, first_name, last_name, email, phone, join_date, password, role) VALUES (783, 'Carlen', 'Splaven', 'csplavenkb@slideshare.net', '+51 571 459 6238', '2023-12-28 17:06:34.871845', 'uZ5~Q~90A5,R&', 'USER');
INSERT INTO public.user_t (id, first_name, last_name, email, phone, join_date, password, role) VALUES (784, 'Dehlia', 'Jaher', 'djaherkc@amazonaws.com', '+61 160 589 9276', '2023-12-28 17:06:35.132495', 'iZ5,#_#rcP&4_', 'USER');
INSERT INTO public.user_t (id, first_name, last_name, email, phone, join_date, password, role) VALUES (785, 'Orelee', 'Forkan', 'oforkankd@buzzfeed.com', '+48 588 908 1717', '2023-12-28 17:06:35.387911', 'aL0''VX%%_I20', 'USER');
INSERT INTO public.user_t (id, first_name, last_name, email, phone, join_date, password, role) VALUES (786, 'Dulce', 'List', 'dlistke@theglobeandmail.com', '+86 726 977 3265', '2023-12-28 17:06:35.645889', 'oJ5\RuhBf', 'USER');
INSERT INTO public.user_t (id, first_name, last_name, email, phone, join_date, password, role) VALUES (787, 'Felipa', 'Hattersley', 'fhattersleykf@surveymonkey.com', '+63 395 475 4761', '2023-12-28 17:06:36.411915', 'qZ7{R1uL', 'USER');
INSERT INTO public.user_t (id, first_name, last_name, email, phone, join_date, password, role) VALUES (788, 'Thorin', 'Schwandt', 'tschwandtkg@utexas.edu', '+30 475 879 5643', '2023-12-28 17:06:36.727977', 'lW0&IpB$Z$j/C56?', 'USER');
INSERT INTO public.user_t (id, first_name, last_name, email, phone, join_date, password, role) VALUES (789, 'Malvina', 'Chatto', 'mchattokh@storify.com', '+86 998 253 1862', '2023-12-28 17:06:37.002751', 'oF5+h(z)XI%{pl', 'USER');
INSERT INTO public.user_t (id, first_name, last_name, email, phone, join_date, password, role) VALUES (790, 'Jewel', 'Getcliffe', 'jgetcliffeki@odnoklassniki.ru', '+1 232 738 3291', '2023-12-28 17:06:37.259834', 'vG8%''L>O', 'USER');
INSERT INTO public.user_t (id, first_name, last_name, email, phone, join_date, password, role) VALUES (791, 'Adorne', 'Bonde', 'abondekj@wikimedia.org', '+351 279 224 6621', '2023-12-28 17:06:37.559139', 'kQ6$B/X(p', 'USER');
INSERT INTO public.user_t (id, first_name, last_name, email, phone, join_date, password, role) VALUES (792, 'York', 'Muat', 'ymuatkk@symantec.com', '+359 914 172 9180', '2023-12-28 17:06:37.895997', 'uN3`ha>F"Wa', 'USER');
INSERT INTO public.user_t (id, first_name, last_name, email, phone, join_date, password, role) VALUES (793, 'Agustin', 'Fadian', 'afadiankl@youtu.be', '+48 198 477 7391', '2023-12-28 17:06:38.162704', 'fE3!)|oN@''g', 'USER');
INSERT INTO public.user_t (id, first_name, last_name, email, phone, join_date, password, role) VALUES (794, 'Benedick', 'Chaloner', 'bchalonerkm@discovery.com', '+998 363 442 2139', '2023-12-28 17:06:38.413877', 'nS3.swDf"n/"s*V', 'USER');
INSERT INTO public.user_t (id, first_name, last_name, email, phone, join_date, password, role) VALUES (795, 'Brien', 'Freeburn', 'bfreeburnkn@oakley.com', '+47 377 200 1046', '2023-12-28 17:06:38.703741', 'eN7,>uR9zLG', 'USER');
INSERT INTO public.user_t (id, first_name, last_name, email, phone, join_date, password, role) VALUES (796, 'Gisele', 'Rushmare', 'grushmareko@imageshack.us', '+260 877 429 6284', '2023-12-28 17:06:38.95782', 'eZ4?")|&DMvFP', 'USER');
INSERT INTO public.user_t (id, first_name, last_name, email, phone, join_date, password, role) VALUES (797, 'Michaella', 'Sutherel', 'msutherelkp@slate.com', '+63 545 388 7258', '2023-12-28 17:06:39.202835', 'vJ0%?1_<', 'USER');
INSERT INTO public.user_t (id, first_name, last_name, email, phone, join_date, password, role) VALUES (798, 'Lida', 'Gaines', 'lgaineskq@umn.edu', '+352 773 607 8222', '2023-12-28 17:06:39.443825', 'iI9`Gf~AfO', 'USER');
INSERT INTO public.user_t (id, first_name, last_name, email, phone, join_date, password, role) VALUES (799, 'Vanya', 'Crudgington', 'vcrudgingtonkr@sfgate.com', '+1 713 957 3588', '2023-12-28 17:06:39.686576', 'iA6,(uE@jC,o}W', 'USER');
INSERT INTO public.user_t (id, first_name, last_name, email, phone, join_date, password, role) VALUES (800, 'Gerhardine', 'Durgan', 'gdurganks@t-online.de', '+46 190 796 8249', '2023-12-28 17:06:39.926105', 'fN4>SkAX~LqMK"j~', 'USER');
INSERT INTO public.user_t (id, first_name, last_name, email, phone, join_date, password, role) VALUES (801, 'Anton', 'Dymidowski', 'adymidowskikt@live.com', '+994 181 416 0372', '2023-12-28 17:06:40.207872', 'lJ9~l9h?o{SGlqL', 'USER');
INSERT INTO public.user_t (id, first_name, last_name, email, phone, join_date, password, role) VALUES (802, 'Fay', 'Alston', 'falstonku@tumblr.com', '+86 893 902 5827', '2023-12-28 17:06:40.46303', 'sG2(fsf5\fK|)', 'USER');
INSERT INTO public.user_t (id, first_name, last_name, email, phone, join_date, password, role) VALUES (803, 'Ciel', 'Eschalotte', 'ceschalottekv@github.io', '+55 480 159 8517', '2023-12-28 17:06:40.701965', 'iF4(`,<.eIQ', 'USER');
INSERT INTO public.user_t (id, first_name, last_name, email, phone, join_date, password, role) VALUES (804, 'Paule', 'Warman', 'pwarmankw@jugem.jp', '+86 967 736 3435', '2023-12-28 17:06:40.959631', 'xC3>G<%_.(', 'USER');
INSERT INTO public.user_t (id, first_name, last_name, email, phone, join_date, password, role) VALUES (805, 'Jami', 'McBrier', 'jmcbrierkx@yandex.ru', '+33 384 730 8158', '2023-12-28 17:06:41.236884', 'nB0>s"/eg)sj`Ri', 'USER');
INSERT INTO public.user_t (id, first_name, last_name, email, phone, join_date, password, role) VALUES (806, 'Sybila', 'Vellender', 'svellenderky@fc2.com', '+7 617 249 4778', '2023-12-28 17:06:41.475723', 'hM9)>JzI@`1@{hd', 'USER');
INSERT INTO public.user_t (id, first_name, last_name, email, phone, join_date, password, role) VALUES (807, 'Eleanore', 'Forber', 'eforberkz@cocolog-nifty.com', '+86 294 569 3877', '2023-12-28 17:06:41.772456', 'dJ2_&/FjZX,h&j0', 'USER');
INSERT INTO public.user_t (id, first_name, last_name, email, phone, join_date, password, role) VALUES (808, 'Morna', 'Ayrs', 'mayrsl0@utexas.edu', '+7 482 755 3911', '2023-12-28 17:06:42.067841', 'eX7`Rn7DJmy3x92', 'USER');
INSERT INTO public.user_t (id, first_name, last_name, email, phone, join_date, password, role) VALUES (809, 'Simonne', 'Churn', 'schurnl1@illinois.edu', '+86 526 500 9000', '2023-12-28 17:06:42.309741', 'wY8#!tgG~', 'USER');
INSERT INTO public.user_t (id, first_name, last_name, email, phone, join_date, password, role) VALUES (810, 'Maegan', 'L'' Anglois', 'mlangloisl2@soup.io', '+39 300 593 3815', '2023-12-28 17:06:42.567835', 'nI9(RuqR.Y8', 'USER');
INSERT INTO public.user_t (id, first_name, last_name, email, phone, join_date, password, role) VALUES (811, 'Trenna', 'Lichfield', 'tlichfieldl3@rediff.com', '+62 656 151 0233', '2023-12-28 17:06:42.826688', 'aK6=k\~*S', 'USER');
INSERT INTO public.user_t (id, first_name, last_name, email, phone, join_date, password, role) VALUES (812, 'Kiri', 'Kepling', 'kkeplingl4@mayoclinic.com', '+63 658 242 8498', '2023-12-28 17:06:43.07704', 'nH7#He!u&hf', 'USER');
INSERT INTO public.user_t (id, first_name, last_name, email, phone, join_date, password, role) VALUES (813, 'Waldemar', 'Saice', 'wsaicel5@mayoclinic.com', '+33 518 290 0440', '2023-12-28 17:06:43.322277', 'eQ4~qWXt10,I\Yv', 'USER');
INSERT INTO public.user_t (id, first_name, last_name, email, phone, join_date, password, role) VALUES (814, 'Keriann', 'Pigot', 'kpigotl6@twitpic.com', '+84 659 966 9904', '2023-12-28 17:06:43.575888', 'xU3\U6nt5\Sow@0#', 'USER');
INSERT INTO public.user_t (id, first_name, last_name, email, phone, join_date, password, role) VALUES (815, 'Denni', 'Cheshir', 'dcheshirl7@stanford.edu', '+351 940 343 7642', '2023-12-28 17:06:43.828885', 'pH4~2XQ!&$z{!{J', 'USER');
INSERT INTO public.user_t (id, first_name, last_name, email, phone, join_date, password, role) VALUES (816, 'Jefferson', 'Churching', 'jchurchingl8@i2i.jp', '+46 656 773 9355', '2023-12-28 17:06:44.083898', 'tB2>,~ne>v', 'USER');
INSERT INTO public.user_t (id, first_name, last_name, email, phone, join_date, password, role) VALUES (817, 'Herman', 'Northen', 'hnorthenl9@cbc.ca', '+598 759 423 6548', '2023-12-28 17:06:44.376818', 'yT4{PTGHf', 'USER');
INSERT INTO public.user_t (id, first_name, last_name, email, phone, join_date, password, role) VALUES (818, 'Roddie', 'Garrattley', 'rgarrattleyla@icq.com', '+46 789 271 9010', '2023-12-28 17:06:44.62393', 'lX6)\`uqe\@"l~1P', 'USER');
INSERT INTO public.user_t (id, first_name, last_name, email, phone, join_date, password, role) VALUES (819, 'Donetta', 'Fairall', 'dfairalllb@odnoklassniki.ru', '+355 755 420 7609', '2023-12-28 17:06:44.8778', 'lT4_\yiq~O', 'USER');
INSERT INTO public.user_t (id, first_name, last_name, email, phone, join_date, password, role) VALUES (820, 'Nyssa', 'Bertelsen', 'nbertelsenlc@techcrunch.com', '+81 489 361 2717', '2023-12-28 17:06:45.119857', 'lX5,Vp(K8Px', 'USER');
INSERT INTO public.user_t (id, first_name, last_name, email, phone, join_date, password, role) VALUES (821, 'Morgen', 'Smead', 'msmeadld@google.es', '+385 616 619 3991', '2023-12-28 17:06:45.360776', 'rS8?@TLp@%B', 'USER');
INSERT INTO public.user_t (id, first_name, last_name, email, phone, join_date, password, role) VALUES (822, 'Ileane', 'Guinnane', 'iguinnanele@netscape.com', '+45 908 550 8544', '2023-12-28 17:06:45.623827', 'sB8=<m(QAzwlk%V', 'USER');
INSERT INTO public.user_t (id, first_name, last_name, email, phone, join_date, password, role) VALUES (823, 'Lorena', 'Dahlberg', 'ldahlberglf@example.com', '+63 363 263 5389', '2023-12-28 17:06:45.90582', 'bX3=|ZU%', 'USER');
INSERT INTO public.user_t (id, first_name, last_name, email, phone, join_date, password, role) VALUES (824, 'Lily', 'Frenchum', 'lfrenchumlg@si.edu', '+48 551 365 5558', '2023-12-28 17:06:46.252767', 'dE7_`%xXyk22FW~v', 'USER');
INSERT INTO public.user_t (id, first_name, last_name, email, phone, join_date, password, role) VALUES (825, 'Alexandro', 'Remington', 'aremingtonlh@cornell.edu', '+54 289 281 7317', '2023-12-28 17:06:46.635838', 'oM1=\ft+?UYp\s{S', 'USER');
INSERT INTO public.user_t (id, first_name, last_name, email, phone, join_date, password, role) VALUES (826, 'Hali', 'Sandes', 'hsandesli@cargocollective.com', '+48 648 987 1942', '2023-12-28 17:06:46.943849', 'uV6!i''Zo,La&m(.', 'USER');
INSERT INTO public.user_t (id, first_name, last_name, email, phone, join_date, password, role) VALUES (827, 'Genevieve', 'Palluschek', 'gpalluscheklj@51.la', '+62 453 172 9753', '2023-12-28 17:06:47.187902', 'hO1+tEve`AIp">', 'USER');
INSERT INTO public.user_t (id, first_name, last_name, email, phone, join_date, password, role) VALUES (828, 'Austina', 'Haton', 'ahatonlk@edublogs.org', '+63 698 496 2737', '2023-12-28 17:06:47.45207', 'tM0%Le>YyhFgE~@H', 'USER');
INSERT INTO public.user_t (id, first_name, last_name, email, phone, join_date, password, role) VALUES (829, 'Onofredo', 'Bellam', 'obellamll@archive.org', '+54 835 865 0489', '2023-12-28 17:06:47.699514', 'iU2%)CXoh$&N', 'USER');
INSERT INTO public.user_t (id, first_name, last_name, email, phone, join_date, password, role) VALUES (830, 'Nerta', 'Bellefant', 'nbellefantlm@biglobe.ne.jp', '+420 273 796 4949', '2023-12-28 17:06:47.950768', 'sX5\eMp<x*X`@s', 'USER');
INSERT INTO public.user_t (id, first_name, last_name, email, phone, join_date, password, role) VALUES (831, 'Charla', 'Benz', 'cbenzln@slideshare.net', '+351 613 906 4968', '2023-12-28 17:06:48.193972', 'uS6`8~r,4Xig', 'USER');
INSERT INTO public.user_t (id, first_name, last_name, email, phone, join_date, password, role) VALUES (832, 'Merrilee', 'Ludgrove', 'mludgrovelo@craigslist.org', '+263 703 362 1742', '2023-12-28 17:06:48.446757', 'gZ9=_#~\5#G(bf9v', 'USER');
INSERT INTO public.user_t (id, first_name, last_name, email, phone, join_date, password, role) VALUES (833, 'Adah', 'Brinkley', 'abrinkleylp@webmd.com', '+234 882 413 4790', '2023-12-28 17:06:48.691834', 'yR4`<#=F=Zba7iy', 'USER');
INSERT INTO public.user_t (id, first_name, last_name, email, phone, join_date, password, role) VALUES (834, 'Gianina', 'Borlease', 'gborleaselq@mayoclinic.com', '+86 710 719 7146', '2023-12-28 17:06:48.933885', 'zQ6?uTqoZx!', 'USER');
INSERT INTO public.user_t (id, first_name, last_name, email, phone, join_date, password, role) VALUES (835, 'Miriam', 'Hastwell', 'mhastwelllr@house.gov', '+234 108 968 3899', '2023-12-28 17:06:49.182632', 'oJ4_sbK_', 'USER');
INSERT INTO public.user_t (id, first_name, last_name, email, phone, join_date, password, role) VALUES (836, 'Immanuel', 'Fuente', 'ifuentels@dot.gov', '+1 329 184 1621', '2023-12-28 17:06:49.519909', 'zC0%HaxxWOJ.', 'USER');
INSERT INTO public.user_t (id, first_name, last_name, email, phone, join_date, password, role) VALUES (837, 'Florinda', 'Jelks', 'fjelkslt@woothemes.com', '+81 699 444 6606', '2023-12-28 17:06:49.763932', 'dP4.q\oR>n(C0', 'USER');
INSERT INTO public.user_t (id, first_name, last_name, email, phone, join_date, password, role) VALUES (838, 'Chariot', 'Oultram', 'coultramlu@ebay.co.uk', '+233 930 711 3865', '2023-12-28 17:06:50.008007', 'qI6!2l,}@.h', 'USER');
INSERT INTO public.user_t (id, first_name, last_name, email, phone, join_date, password, role) VALUES (839, 'Irena', 'Milleton', 'imilletonlv@1688.com', '+46 332 326 3732', '2023-12-28 17:06:50.246958', 'xX7&_#/fN.Xk1?uU', 'USER');
INSERT INTO public.user_t (id, first_name, last_name, email, phone, join_date, password, role) VALUES (840, 'Gregor', 'Gilliver', 'ggilliverlw@last.fm', '+351 362 178 6877', '2023-12-28 17:06:50.48984', 'zT8,_sBmW', 'USER');
INSERT INTO public.user_t (id, first_name, last_name, email, phone, join_date, password, role) VALUES (841, 'Carolin', 'Easterbrook', 'ceasterbrooklx@stumbleupon.com', '+86 889 460 5822', '2023-12-28 17:06:50.755984', 'zB9/!iaY,uvFh*(', 'USER');
INSERT INTO public.user_t (id, first_name, last_name, email, phone, join_date, password, role) VALUES (842, 'Minna', 'Dingate', 'mdingately@cyberchimps.com', '+32 925 402 1032', '2023-12-28 17:06:51.076602', 'xF6$1oH<<Ixdi', 'USER');
INSERT INTO public.user_t (id, first_name, last_name, email, phone, join_date, password, role) VALUES (843, 'Lamond', 'McDowall', 'lmcdowalllz@va.gov', '+62 845 374 5936', '2023-12-28 17:06:51.372568', 'sN1&C~wlZ9BJ', 'USER');
INSERT INTO public.user_t (id, first_name, last_name, email, phone, join_date, password, role) VALUES (844, 'Mahmud', 'Kaine', 'mkainem0@creativecommons.org', '+63 787 134 1457', '2023-12-28 17:06:51.675659', 'oJ4\S=k`,69Z6k=', 'USER');
INSERT INTO public.user_t (id, first_name, last_name, email, phone, join_date, password, role) VALUES (845, 'Kinna', 'Lynd', 'klyndm1@lulu.com', '+86 881 347 3468', '2023-12-28 17:06:51.950851', 'bU7\O\~,%$}', 'USER');
INSERT INTO public.user_t (id, first_name, last_name, email, phone, join_date, password, role) VALUES (846, 'Amitie', 'Brik', 'abrikm2@jiathis.com', '+62 696 121 4122', '2023-12-28 17:06:52.267843', 'tZ5#=7QYE"0G', 'USER');
INSERT INTO public.user_t (id, first_name, last_name, email, phone, join_date, password, role) VALUES (847, 'Ajay', 'Lantuff', 'alantuffm3@cdbaby.com', '+86 833 549 4973', '2023-12-28 17:06:52.549976', 'oX6!0llY8Y0st', 'USER');
INSERT INTO public.user_t (id, first_name, last_name, email, phone, join_date, password, role) VALUES (848, 'Romy', 'Kynastone', 'rkynastonem4@buzzfeed.com', '+7 194 977 0405', '2023-12-28 17:06:52.836832', 'lN7"TZo_QSh2k(<''', 'USER');
INSERT INTO public.user_t (id, first_name, last_name, email, phone, join_date, password, role) VALUES (849, 'Pauly', 'Stayt', 'pstaytm5@house.gov', '+86 867 648 9343', '2023-12-28 17:06:53.099896', 'yF6}U*r<tG#*Fn', 'USER');
INSERT INTO public.user_t (id, first_name, last_name, email, phone, join_date, password, role) VALUES (850, 'Halie', 'Pellington', 'hpellingtonm6@github.io', '+27 431 654 3115', '2023-12-28 17:06:53.347272', 'dK0}K0''ow', 'USER');
INSERT INTO public.user_t (id, first_name, last_name, email, phone, join_date, password, role) VALUES (851, 'Lawry', 'Kimble', 'lkimblem7@wufoo.com', '+33 989 133 8181', '2023-12-28 17:06:53.602149', 'oD0=38mTAXeKr>i', 'USER');
INSERT INTO public.user_t (id, first_name, last_name, email, phone, join_date, password, role) VALUES (852, 'Lurlene', 'Towler', 'ltowlerm8@webeden.co.uk', '+63 444 950 6089', '2023-12-28 17:06:53.852856', 'vV5$LHjxZd|+rY', 'USER');
INSERT INTO public.user_t (id, first_name, last_name, email, phone, join_date, password, role) VALUES (853, 'Gracia', 'Marians', 'gmariansm9@state.tx.us', '+27 295 939 3114', '2023-12-28 17:06:54.125061', 'lH1}''fOB,i', 'USER');
INSERT INTO public.user_t (id, first_name, last_name, email, phone, join_date, password, role) VALUES (854, 'Barron', 'Verson', 'bversonma@techcrunch.com', '+86 813 855 1084', '2023-12-28 17:06:54.374613', 'kR3&KrJFukP|A', 'USER');
INSERT INTO public.user_t (id, first_name, last_name, email, phone, join_date, password, role) VALUES (855, 'Gabby', 'Murray', 'gmurraymb@barnesandnoble.com', '+58 817 561 7122', '2023-12-28 17:06:54.683869', 'mW8=v+o)e', 'USER');
INSERT INTO public.user_t (id, first_name, last_name, email, phone, join_date, password, role) VALUES (856, 'Jody', 'Cockshut', 'jcockshutmc@fotki.com', '+55 743 752 1848', '2023-12-28 17:06:54.982423', 'mO0(qSS{&L!7h', 'USER');
INSERT INTO public.user_t (id, first_name, last_name, email, phone, join_date, password, role) VALUES (857, 'Belva', 'Davidovicz', 'bdavidoviczmd@wisc.edu', '+7 829 705 9403', '2023-12-28 17:06:55.26519', 'gZ8?fO,T@5A*,I&d', 'USER');
INSERT INTO public.user_t (id, first_name, last_name, email, phone, join_date, password, role) VALUES (858, 'Hortense', 'Fenemore', 'hfenemoreme@kickstarter.com', '+375 625 576 2178', '2023-12-28 17:06:55.50598', 'hT0.+XOg', 'USER');
INSERT INTO public.user_t (id, first_name, last_name, email, phone, join_date, password, role) VALUES (859, 'Chalmers', 'Vonasek', 'cvonasekmf@examiner.com', '+502 973 772 7688', '2023-12-28 17:06:55.751425', 'oP1"lSwlp&0fG{8', 'USER');
INSERT INTO public.user_t (id, first_name, last_name, email, phone, join_date, password, role) VALUES (860, 'Alleyn', 'Scammonden', 'ascammondenmg@bravesites.com', '+86 648 959 7738', '2023-12-28 17:06:56.011839', 'wM9.YGK2>''', 'USER');
INSERT INTO public.user_t (id, first_name, last_name, email, phone, join_date, password, role) VALUES (861, 'Regine', 'Messenger', 'rmessengermh@elegantthemes.com', '+86 475 820 4092', '2023-12-28 17:06:56.270995', 'tT3+5qSN0wZ=', 'USER');
INSERT INTO public.user_t (id, first_name, last_name, email, phone, join_date, password, role) VALUES (862, 'Barbara', 'Gairdner', 'bgairdnermi@studiopress.com', '+86 135 258 0861', '2023-12-28 17:06:56.637051', 'xM6,9\wJ', 'USER');
INSERT INTO public.user_t (id, first_name, last_name, email, phone, join_date, password, role) VALUES (863, 'Joyann', 'Cabrara', 'jcabraramj@unicef.org', '+86 926 908 0314', '2023-12-28 17:06:56.987991', 'yY5}UaQlR', 'USER');
INSERT INTO public.user_t (id, first_name, last_name, email, phone, join_date, password, role) VALUES (864, 'Annice', 'Chesterman', 'achestermanmk@bbb.org', '+54 431 617 4622', '2023-12-28 17:06:57.491917', 'gK3~N%fy', 'USER');
INSERT INTO public.user_t (id, first_name, last_name, email, phone, join_date, password, role) VALUES (865, 'Maxine', 'Dulake', 'mdulakeml@chronoengine.com', '+351 224 187 9990', '2023-12-28 17:06:57.916975', 'eU0|r+za,', 'USER');
INSERT INTO public.user_t (id, first_name, last_name, email, phone, join_date, password, role) VALUES (866, 'Jerrie', 'Bedin', 'jbedinmm@sciencedaily.com', '+380 639 997 2246', '2023-12-28 17:06:58.277911', 'vV3$Wd2XX~ud', 'USER');
INSERT INTO public.user_t (id, first_name, last_name, email, phone, join_date, password, role) VALUES (867, 'Saree', 'Lintott', 'slintottmn@china.com.cn', '+63 377 804 1866', '2023-12-28 17:06:58.574733', 'pT2"6DijJY+hw,@', 'USER');
INSERT INTO public.user_t (id, first_name, last_name, email, phone, join_date, password, role) VALUES (868, 'Osmund', 'Macklam', 'omacklammo@umich.edu', '+55 640 843 0147', '2023-12-28 17:06:58.835938', 'bO6|r!X|o&#Hpm', 'USER');
INSERT INTO public.user_t (id, first_name, last_name, email, phone, join_date, password, role) VALUES (869, 'Gwendolyn', 'Wibrew', 'gwibrewmp@yandex.ru', '+351 239 920 1680', '2023-12-28 17:06:59.075676', 'fC8(4pm4(', 'USER');
INSERT INTO public.user_t (id, first_name, last_name, email, phone, join_date, password, role) VALUES (870, 'Ronni', 'Seifert', 'rseifertmq@istockphoto.com', '+30 532 956 0496', '2023-12-28 17:06:59.315774', 'fR2%pEaz?#>I', 'USER');
INSERT INTO public.user_t (id, first_name, last_name, email, phone, join_date, password, role) VALUES (871, 'Jaine', 'O''Shiel', 'joshielmr@sun.com', '+504 860 643 4121', '2023-12-28 17:06:59.557814', 'vM5$X>p6CoJ*v', 'USER');
INSERT INTO public.user_t (id, first_name, last_name, email, phone, join_date, password, role) VALUES (872, 'Isador', 'Delmonti', 'idelmontims@ted.com', '+351 846 602 0242', '2023-12-28 17:06:59.802955', 'dH4@49ces)+i', 'USER');
INSERT INTO public.user_t (id, first_name, last_name, email, phone, join_date, password, role) VALUES (873, 'Cherri', 'Flisher', 'cflishermt@google.ca', '+598 843 141 1400', '2023-12-28 17:07:00.042572', 'jV0=S`M(/FL(*Z5', 'USER');
INSERT INTO public.user_t (id, first_name, last_name, email, phone, join_date, password, role) VALUES (874, 'Iggy', 'Townby', 'itownbymu@cisco.com', '+54 813 376 8290', '2023-12-28 17:07:00.282891', 'kH0@,oDU', 'USER');
INSERT INTO public.user_t (id, first_name, last_name, email, phone, join_date, password, role) VALUES (875, 'Bartolomeo', 'Billitteri', 'bbillitterimv@bigcartel.com', '+1 829 737 5925', '2023-12-28 17:07:00.521811', 'kS2%8Vzxm', 'USER');
INSERT INTO public.user_t (id, first_name, last_name, email, phone, join_date, password, role) VALUES (876, 'Claudell', 'Griffe', 'cgriffemw@gizmodo.com', '+7 614 692 5244', '2023-12-28 17:07:00.762925', 'pD8.ghU2>3*', 'USER');
INSERT INTO public.user_t (id, first_name, last_name, email, phone, join_date, password, role) VALUES (877, 'Sidonnie', 'Deschelle', 'sdeschellemx@huffingtonpost.com', '+62 335 108 4723', '2023-12-28 17:07:01.039731', 'gT9)1Pb#GWK){e', 'USER');
INSERT INTO public.user_t (id, first_name, last_name, email, phone, join_date, password, role) VALUES (878, 'Huntington', 'Tapley', 'htapleymy@cmu.edu', '+86 602 273 4216', '2023-12-28 17:07:01.28579', 'mV9/m/Gd"G\%OV', 'USER');
INSERT INTO public.user_t (id, first_name, last_name, email, phone, join_date, password, role) VALUES (879, 'Bertina', 'Coat', 'bcoatmz@dmoz.org', '+48 861 894 4623', '2023-12-28 17:07:01.667877', 'kU2#}NLF>.!c', 'USER');
INSERT INTO public.user_t (id, first_name, last_name, email, phone, join_date, password, role) VALUES (880, 'Mariellen', 'Chaffer', 'mchaffern0@walmart.com', '+230 722 936 1630', '2023-12-28 17:07:01.932994', 'kJ7(*5tbd<`', 'USER');
INSERT INTO public.user_t (id, first_name, last_name, email, phone, join_date, password, role) VALUES (881, 'Averell', 'Speir', 'aspeirn1@nba.com', '+351 948 514 0656', '2023-12-28 17:07:02.175186', 'eD6''F%mXlx$@.', 'USER');
INSERT INTO public.user_t (id, first_name, last_name, email, phone, join_date, password, role) VALUES (882, 'Antonietta', 'Roizin', 'aroizinn2@ocn.ne.jp', '+66 669 674 7234', '2023-12-28 17:07:02.449109', 'yP7)29uTnJ&@3}', 'USER');
INSERT INTO public.user_t (id, first_name, last_name, email, phone, join_date, password, role) VALUES (883, 'Cornie', 'Kamien', 'ckamienn3@cnet.com', '+86 283 332 8825', '2023-12-28 17:07:02.724158', 'nE6=+J#t,Tp>8', 'USER');
INSERT INTO public.user_t (id, first_name, last_name, email, phone, join_date, password, role) VALUES (884, 'Rachele', 'Garbott', 'rgarbottn4@redcross.org', '+86 382 383 1943', '2023-12-28 17:07:03.006762', 'uL6,C%VyXDB.Fx', 'USER');
INSERT INTO public.user_t (id, first_name, last_name, email, phone, join_date, password, role) VALUES (885, 'Leeland', 'Byrcher', 'lbyrchern5@reference.com', '+63 828 102 4161', '2023-12-28 17:07:03.254316', 'cK7''I|t\us6RijJ', 'USER');
INSERT INTO public.user_t (id, first_name, last_name, email, phone, join_date, password, role) VALUES (886, 'Goldina', 'Pentycross', 'gpentycrossn6@google.nl', '+86 134 418 3458', '2023-12-28 17:07:03.529065', 'lE1!?\JBQQ''MP', 'USER');
INSERT INTO public.user_t (id, first_name, last_name, email, phone, join_date, password, role) VALUES (887, 'Jewell', 'Childerley', 'jchilderleyn7@zdnet.com', '+51 715 141 4031', '2023-12-28 17:07:03.787937', 'wJ8#GuyR9', 'USER');
INSERT INTO public.user_t (id, first_name, last_name, email, phone, join_date, password, role) VALUES (888, 'Elle', 'Wiggins', 'ewigginsn8@samsung.com', '+30 811 824 0800', '2023-12-28 17:07:04.060601', 'oZ7,dSZfZo', 'USER');
INSERT INTO public.user_t (id, first_name, last_name, email, phone, join_date, password, role) VALUES (889, 'Mandi', 'Fines', 'mfinesn9@senate.gov', '+31 600 882 8734', '2023-12-28 17:07:04.314915', 'mF4|_5KrmTmX>/.#', 'USER');
INSERT INTO public.user_t (id, first_name, last_name, email, phone, join_date, password, role) VALUES (890, 'Henderson', 'Robins', 'hrobinsna@gizmodo.com', '+55 565 646 0739', '2023-12-28 17:07:04.559834', 'pQ3%Ck~+6', 'USER');
INSERT INTO public.user_t (id, first_name, last_name, email, phone, join_date, password, role) VALUES (891, 'Hersh', 'Grimsditch', 'hgrimsditchnb@shutterfly.com', '+63 890 550 3763', '2023-12-28 17:07:04.801997', 'vN2/FObJ(', 'USER');
INSERT INTO public.user_t (id, first_name, last_name, email, phone, join_date, password, role) VALUES (892, 'Byram', 'Brickham', 'bbrickhamnc@earthlink.net', '+46 139 724 6357', '2023-12-28 17:07:05.046217', 'pH7~6wbPm', 'USER');
INSERT INTO public.user_t (id, first_name, last_name, email, phone, join_date, password, role) VALUES (893, 'Chiarra', 'Pennacci', 'cpennaccind@elpais.com', '+63 916 195 8132', '2023-12-28 17:07:05.308031', 'dL1(K/#?', 'USER');
INSERT INTO public.user_t (id, first_name, last_name, email, phone, join_date, password, role) VALUES (894, 'Debby', 'Gaine', 'dgainene@mashable.com', '+351 678 167 1425', '2023-12-28 17:07:05.559841', 'pE5|puP8=U~8', 'USER');
INSERT INTO public.user_t (id, first_name, last_name, email, phone, join_date, password, role) VALUES (895, 'Heath', 'Berrecloth', 'hberreclothnf@apache.org', '+7 870 560 1403', '2023-12-28 17:07:05.80383', 'mE6/Kjh72/_L', 'USER');
INSERT INTO public.user_t (id, first_name, last_name, email, phone, join_date, password, role) VALUES (896, 'Fredra', 'Swigger', 'fswiggerng@senate.gov', '+86 251 936 5385', '2023-12-28 17:07:06.053007', 'sN6+$X2fLZso%', 'USER');
INSERT INTO public.user_t (id, first_name, last_name, email, phone, join_date, password, role) VALUES (897, 'Cece', 'Bottlestone', 'cbottlestonenh@ft.com', '+1 314 223 9054', '2023-12-28 17:07:06.303919', 'xC3{}nSwg.{7C', 'USER');
INSERT INTO public.user_t (id, first_name, last_name, email, phone, join_date, password, role) VALUES (898, 'Kathi', 'Waber', 'kwaberni@over-blog.com', '+53 132 292 0185', '2023-12-28 17:07:06.555833', 'gX6~R0b=_T', 'USER');
INSERT INTO public.user_t (id, first_name, last_name, email, phone, join_date, password, role) VALUES (899, 'Irvin', 'Salway', 'isalwaynj@pen.io', '+30 116 715 3643', '2023-12-28 17:07:06.799993', 'xM2&Af!b8=8D', 'USER');
INSERT INTO public.user_t (id, first_name, last_name, email, phone, join_date, password, role) VALUES (900, 'Lanita', 'Toulamain', 'ltoulamainnk@nih.gov', '+33 962 337 7238', '2023-12-28 17:07:07.047315', 'eQ5<{+eyb8~RKH', 'USER');
INSERT INTO public.user_t (id, first_name, last_name, email, phone, join_date, password, role) VALUES (901, 'Inez', 'Yurenin', 'iyureninnl@census.gov', '+359 153 256 2453', '2023-12-28 17:07:07.347894', 'fB1\Ij?Q''rmy2DuR', 'USER');
INSERT INTO public.user_t (id, first_name, last_name, email, phone, join_date, password, role) VALUES (902, 'Taryn', 'Scantleberry', 'tscantleberrynm@weebly.com', '+353 873 650 8229', '2023-12-28 17:07:07.611889', 'nI2">LB7', 'USER');
INSERT INTO public.user_t (id, first_name, last_name, email, phone, join_date, password, role) VALUES (903, 'Wallie', 'Gloy', 'wgloynn@elegantthemes.com', '+351 976 545 0421', '2023-12-28 17:07:07.89596', 'qC8|(2nb', 'USER');
INSERT INTO public.user_t (id, first_name, last_name, email, phone, join_date, password, role) VALUES (904, 'Minne', 'Swale', 'mswaleno@msn.com', '+86 815 184 5853', '2023-12-28 17:07:08.141938', 'xQ3*YqH=4ff+', 'USER');
INSERT INTO public.user_t (id, first_name, last_name, email, phone, join_date, password, role) VALUES (905, 'Sally', 'Dutteridge', 'sdutteridgenp@google.com.br', '+39 685 985 5941', '2023-12-28 17:07:08.385997', 'xW9''*\_?`yve', 'USER');
INSERT INTO public.user_t (id, first_name, last_name, email, phone, join_date, password, role) VALUES (906, 'Andreana', 'Hellwig', 'ahellwignq@smugmug.com', '+591 454 582 6263', '2023-12-28 17:07:08.630919', 'pD5`"Qe}vrwP>Ytl', 'USER');
INSERT INTO public.user_t (id, first_name, last_name, email, phone, join_date, password, role) VALUES (907, 'Craggie', 'Cosgriff', 'ccosgriffnr@netvibes.com', '+51 454 917 4634', '2023-12-28 17:07:08.878861', 'zH0*Th9hs,"G!I', 'USER');
INSERT INTO public.user_t (id, first_name, last_name, email, phone, join_date, password, role) VALUES (908, 'Elston', 'Longmore', 'elongmorens@ning.com', '+86 288 259 5763', '2023-12-28 17:07:09.121873', 'xB6}FMC!c~q/)m<2', 'USER');
INSERT INTO public.user_t (id, first_name, last_name, email, phone, join_date, password, role) VALUES (909, 'Sibella', 'Patemore', 'spatemorent@zimbio.com', '+62 519 736 8959', '2023-12-28 17:07:09.361705', 'nX7/''GJ(bRS', 'USER');
INSERT INTO public.user_t (id, first_name, last_name, email, phone, join_date, password, role) VALUES (910, 'Dehlia', 'Hamm', 'dhammnu@twitpic.com', '+27 387 891 0479', '2023-12-28 17:07:09.603922', 'qT6,FZv/PVXSNs', 'USER');
INSERT INTO public.user_t (id, first_name, last_name, email, phone, join_date, password, role) VALUES (911, 'Margi', 'Jehaes', 'mjehaesnv@yahoo.co.jp', '+381 451 802 0892', '2023-12-28 17:07:09.844928', 'bS5%iKnU?Xz(z', 'USER');
INSERT INTO public.user_t (id, first_name, last_name, email, phone, join_date, password, role) VALUES (912, 'Bertrando', 'Bromell', 'bbromellnw@msu.edu', '+212 852 979 7724', '2023-12-28 17:07:10.0869', 'dI7.is0)|fmSMYv.', 'USER');
INSERT INTO public.user_t (id, first_name, last_name, email, phone, join_date, password, role) VALUES (913, 'Slade', 'Crebott', 'screbottnx@spiegel.de', '+33 632 739 9122', '2023-12-28 17:07:10.326484', 'zQ5''do%*UsbN', 'USER');
INSERT INTO public.user_t (id, first_name, last_name, email, phone, join_date, password, role) VALUES (914, 'Bartholomew', 'Coon', 'bcoonny@cbslocal.com', '+86 111 696 2294', '2023-12-28 17:07:10.575848', 'xL2*{F4`22', 'USER');
INSERT INTO public.user_t (id, first_name, last_name, email, phone, join_date, password, role) VALUES (915, 'Adella', 'Jelf', 'ajelfnz@usatoday.com', '+86 175 863 9749', '2023-12-28 17:07:10.868278', 'rN9@|g<<g', 'USER');
INSERT INTO public.user_t (id, first_name, last_name, email, phone, join_date, password, role) VALUES (916, 'Constantin', 'Northcliffe', 'cnorthcliffeo0@chicagotribune.com', '+86 326 642 0198', '2023-12-28 17:07:11.17983', 'yW6%yGid', 'USER');
INSERT INTO public.user_t (id, first_name, last_name, email, phone, join_date, password, role) VALUES (917, 'Elston', 'Boylan', 'eboylano1@toplist.cz', '+63 904 561 6112', '2023-12-28 17:07:11.424785', 'sD0)83jWT', 'USER');
INSERT INTO public.user_t (id, first_name, last_name, email, phone, join_date, password, role) VALUES (918, 'Adamo', 'Perren', 'aperreno2@netvibes.com', '+386 362 602 5306', '2023-12-28 17:07:11.739005', 'dM1>gv?.DLFQ$P', 'USER');
INSERT INTO public.user_t (id, first_name, last_name, email, phone, join_date, password, role) VALUES (919, 'Mirelle', 'Scolts', 'mscoltso3@tinypic.com', '+57 768 835 2712', '2023-12-28 17:07:12.068008', 'wK1_%hQG4', 'USER');
INSERT INTO public.user_t (id, first_name, last_name, email, phone, join_date, password, role) VALUES (920, 'Rozamond', 'Crolly', 'rcrollyo4@intel.com', '+63 980 903 6362', '2023-12-28 17:07:12.371831', 'gG6<z`6o_O', 'USER');
INSERT INTO public.user_t (id, first_name, last_name, email, phone, join_date, password, role) VALUES (921, 'Ricky', 'Yankishin', 'ryankishino5@stumbleupon.com', '+62 703 884 0636', '2023-12-28 17:07:12.651883', 'xG3@b|mR67z+,', 'USER');
INSERT INTO public.user_t (id, first_name, last_name, email, phone, join_date, password, role) VALUES (922, 'Brittan', 'Edwicke', 'bedwickeo6@webnode.com', '+86 413 652 2382', '2023-12-28 17:07:12.927376', 'aS8`(}(\D}.S$$w', 'USER');
INSERT INTO public.user_t (id, first_name, last_name, email, phone, join_date, password, role) VALUES (923, 'Crosby', 'Davydenko', 'cdavydenkoo7@sitemeter.com', '+86 812 914 0713', '2023-12-28 17:07:13.173598', 'tM7"fEtpu3ND', 'USER');
INSERT INTO public.user_t (id, first_name, last_name, email, phone, join_date, password, role) VALUES (924, 'Teodoor', 'Danelutti', 'tdaneluttio8@google.co.uk', '+48 785 917 2289', '2023-12-28 17:07:13.415949', 'vT9!Ft!~', 'USER');
INSERT INTO public.user_t (id, first_name, last_name, email, phone, join_date, password, role) VALUES (925, 'Roley', 'Santori', 'rsantorio9@go.com', '+86 771 403 4546', '2023-12-28 17:07:13.679832', 'kP5\YNbK7m8q3F', 'USER');
INSERT INTO public.user_t (id, first_name, last_name, email, phone, join_date, password, role) VALUES (926, 'Sander', 'Aylmer', 'saylmeroa@simplemachines.org', '+7 882 235 5882', '2023-12-28 17:07:13.933231', 'nL6?Os!)!%', 'USER');
INSERT INTO public.user_t (id, first_name, last_name, email, phone, join_date, password, role) VALUES (927, 'Jacintha', 'Baggelley', 'jbaggelleyob@nymag.com', '+591 855 973 1321', '2023-12-28 17:07:14.21229', 'gJ5%4H.*+(LvGP%', 'USER');
INSERT INTO public.user_t (id, first_name, last_name, email, phone, join_date, password, role) VALUES (928, 'Melloney', 'Hawtin', 'mhawtinoc@opera.com', '+48 281 797 8857', '2023-12-28 17:07:14.456455', 'wQ6|3s4M', 'USER');
INSERT INTO public.user_t (id, first_name, last_name, email, phone, join_date, password, role) VALUES (929, 'Raddie', 'Jaskiewicz', 'rjaskiewiczod@blogs.com', '+51 391 227 7234', '2023-12-28 17:07:14.699897', 'dX3)(">tXjZ4', 'USER');
INSERT INTO public.user_t (id, first_name, last_name, email, phone, join_date, password, role) VALUES (930, 'Teresa', 'Piner', 'tpineroe@imageshack.us', '+60 973 980 9212', '2023-12-28 17:07:14.975182', 'vG8)Kdl}L_WXgRst', 'USER');
INSERT INTO public.user_t (id, first_name, last_name, email, phone, join_date, password, role) VALUES (931, 'Jerrome', 'Parkeson', 'jparkesonof@typepad.com', '+33 627 553 5168', '2023-12-28 17:07:15.25531', 'pR7>H9VE', 'USER');
INSERT INTO public.user_t (id, first_name, last_name, email, phone, join_date, password, role) VALUES (932, 'Pauly', 'Kiljan', 'pkiljanog@sciencedirect.com', '+595 820 789 4984', '2023-12-28 17:07:15.500033', 'rP7.5O"*', 'USER');
INSERT INTO public.user_t (id, first_name, last_name, email, phone, join_date, password, role) VALUES (933, 'Daryl', 'Puig', 'dpuigoh@cmu.edu', '+63 133 760 6292', '2023-12-28 17:07:15.746102', 'aU1_*AQ(|BwxD', 'USER');
INSERT INTO public.user_t (id, first_name, last_name, email, phone, join_date, password, role) VALUES (934, 'Anette', 'O''Mannion', 'aomannionoi@cbc.ca', '+358 274 634 0745', '2023-12-28 17:07:15.987667', 'aV1+0g>eD6Z&E(h', 'USER');
INSERT INTO public.user_t (id, first_name, last_name, email, phone, join_date, password, role) VALUES (935, 'Devon', 'Garken', 'dgarkenoj@godaddy.com', '+30 413 777 4530', '2023-12-28 17:07:16.268374', 'bS0,F|@8&', 'USER');
INSERT INTO public.user_t (id, first_name, last_name, email, phone, join_date, password, role) VALUES (936, 'Alejandra', 'Jendricke', 'ajendrickeok@sciencedirect.com', '+970 114 476 8803', '2023-12-28 17:07:16.514817', 'nW8|=tY+6kANk', 'USER');
INSERT INTO public.user_t (id, first_name, last_name, email, phone, join_date, password, role) VALUES (937, 'Lion', 'Colisbe', 'lcolisbeol@e-recht24.de', '+86 229 195 3667', '2023-12-28 17:07:16.767085', 'gJ7,$u(1Ry9', 'USER');
INSERT INTO public.user_t (id, first_name, last_name, email, phone, join_date, password, role) VALUES (938, 'Mercedes', 'Beeze', 'mbeezeom@sun.com', '+256 344 816 4081', '2023-12-28 17:07:17.036142', 'hC0+SZgPn93J30', 'USER');
INSERT INTO public.user_t (id, first_name, last_name, email, phone, join_date, password, role) VALUES (939, 'Mattie', 'Fitchen', 'mfitchenon@vistaprint.com', '+63 733 305 8924', '2023-12-28 17:07:17.288092', 'uZ7>12LO%r', 'USER');
INSERT INTO public.user_t (id, first_name, last_name, email, phone, join_date, password, role) VALUES (940, 'Janna', 'Klimentyonok', 'jklimentyonokoo@netlog.com', '+1 519 664 8087', '2023-12-28 17:07:17.549373', 'sM9?L_)|', 'USER');
INSERT INTO public.user_t (id, first_name, last_name, email, phone, join_date, password, role) VALUES (941, 'Zorah', 'Spinige', 'zspinigeop@altervista.org', '+31 284 476 2936', '2023-12-28 17:07:17.790237', 'pW6$p+Yg63&Gh@', 'USER');
INSERT INTO public.user_t (id, first_name, last_name, email, phone, join_date, password, role) VALUES (942, 'Toinette', 'Cheal', 'tchealoq@mashable.com', '+370 353 643 9914', '2023-12-28 17:07:18.033269', 'oW8%JjvWD', 'USER');
INSERT INTO public.user_t (id, first_name, last_name, email, phone, join_date, password, role) VALUES (943, 'Heddi', 'Benoey', 'hbenoeyor@bandcamp.com', '+62 272 625 8139', '2023-12-28 17:07:18.279165', 'bO2&SNDd_`!', 'USER');
INSERT INTO public.user_t (id, first_name, last_name, email, phone, join_date, password, role) VALUES (944, 'Tadeas', 'Fellis', 'tfellisos@drupal.org', '+64 286 316 1735', '2023-12-28 17:07:18.520144', 'bW4/75n?', 'USER');
INSERT INTO public.user_t (id, first_name, last_name, email, phone, join_date, password, role) VALUES (945, 'Seward', 'Epgrave', 'sepgraveot@cnet.com', '+31 523 455 7746', '2023-12-28 17:07:18.761035', 'bR3<p`4#', 'USER');
INSERT INTO public.user_t (id, first_name, last_name, email, phone, join_date, password, role) VALUES (946, 'Sibyl', 'de Amaya', 'sdeamayaou@miitbeian.gov.cn', '+86 507 472 4701', '2023-12-28 17:07:18.99899', 'eY1@Qcqj*Nx9f', 'USER');
INSERT INTO public.user_t (id, first_name, last_name, email, phone, join_date, password, role) VALUES (947, 'Jock', 'Bartocci', 'jbartocciov@vimeo.com', '+380 571 710 5541', '2023-12-28 17:07:19.237882', 'lV4%E#|o', 'USER');
INSERT INTO public.user_t (id, first_name, last_name, email, phone, join_date, password, role) VALUES (948, 'Elbertina', 'Cash', 'ecashow@bluehost.com', '+62 472 781 1286', '2023-12-28 17:07:19.477967', 'xC0*dEHQ', 'USER');
INSERT INTO public.user_t (id, first_name, last_name, email, phone, join_date, password, role) VALUES (949, 'Mela', 'Perfect', 'mperfectox@smh.com.au', '+1 797 633 3057', '2023-12-28 17:07:19.720895', 'zF3,Umt&yYj', 'USER');
INSERT INTO public.user_t (id, first_name, last_name, email, phone, join_date, password, role) VALUES (950, 'Blancha', 'McTavy', 'bmctavyoy@sun.com', '+236 885 844 8860', '2023-12-28 17:07:19.965935', 'wQ8"/~&K?po', 'USER');
INSERT INTO public.user_t (id, first_name, last_name, email, phone, join_date, password, role) VALUES (951, 'Woodman', 'Lergan', 'wlerganoz@ucoz.ru', '+58 788 821 0150', '2023-12-28 17:07:20.205614', 'fK6,eUGyD=avRxq', 'USER');
INSERT INTO public.user_t (id, first_name, last_name, email, phone, join_date, password, role) VALUES (952, 'Eyde', 'MacNamee', 'emacnameep0@digg.com', '+57 638 185 8588', '2023-12-28 17:07:20.444127', 'uC2>!B+6S5&@}v', 'USER');
INSERT INTO public.user_t (id, first_name, last_name, email, phone, join_date, password, role) VALUES (953, 'Justine', 'Bonnick', 'jbonnickp1@tuttocitta.it', '+7 329 923 7852', '2023-12-28 17:07:20.751279', 'mJ0/vpQZ)r9=9j,', 'USER');
INSERT INTO public.user_t (id, first_name, last_name, email, phone, join_date, password, role) VALUES (954, 'Rosalia', 'Brockhurst', 'rbrockhurstp2@un.org', '+86 257 393 5565', '2023-12-28 17:07:20.995165', 'iU9|=(HKilo', 'USER');
INSERT INTO public.user_t (id, first_name, last_name, email, phone, join_date, password, role) VALUES (955, 'Ralf', 'Slaght', 'rslaghtp3@hatena.ne.jp', '+7 119 319 9150', '2023-12-28 17:07:21.271647', 'fL6(&o}up{.a)Xi|', 'USER');
INSERT INTO public.user_t (id, first_name, last_name, email, phone, join_date, password, role) VALUES (956, 'Storm', 'Height', 'sheightp4@opera.com', '+216 254 656 8479', '2023-12-28 17:07:21.552853', 'eG0`1zuGt(vm"}e', 'USER');
INSERT INTO public.user_t (id, first_name, last_name, email, phone, join_date, password, role) VALUES (957, 'Marcella', 'Banbury', 'mbanburyp5@example.com', '+880 722 372 6649', '2023-12-28 17:07:21.87182', 'lF3)_JvHJ%bx6I>', 'USER');
INSERT INTO public.user_t (id, first_name, last_name, email, phone, join_date, password, role) VALUES (958, 'Shaun', 'Budgeon', 'sbudgeonp6@about.me', '+48 287 756 5991', '2023-12-28 17:07:22.175813', 'dH7<_}d,}Dr+7Co', 'USER');
INSERT INTO public.user_t (id, first_name, last_name, email, phone, join_date, password, role) VALUES (959, 'Vinnie', 'Lias', 'vliasp7@xing.com', '+86 752 543 1034', '2023-12-28 17:07:22.447717', 'xF8/DM%MxN~,nX', 'USER');
INSERT INTO public.user_t (id, first_name, last_name, email, phone, join_date, password, role) VALUES (960, 'Kristo', 'Longhorn', 'klonghornp8@huffingtonpost.com', '+86 880 904 2901', '2023-12-28 17:07:22.74799', 'zK7{/AyW', 'USER');
INSERT INTO public.user_t (id, first_name, last_name, email, phone, join_date, password, role) VALUES (961, 'Jeri', 'Twittey', 'jtwitteyp9@fotki.com', '+46 511 281 2995', '2023-12-28 17:07:23.029885', 'oK3/+F2iPj&q', 'USER');
INSERT INTO public.user_t (id, first_name, last_name, email, phone, join_date, password, role) VALUES (962, 'Doralia', 'Morch', 'dmorchpa@dedecms.com', '+57 201 846 3557', '2023-12-28 17:07:23.271834', 'jE7\/?DgS', 'USER');
INSERT INTO public.user_t (id, first_name, last_name, email, phone, join_date, password, role) VALUES (963, 'Kimberli', 'Bartalot', 'kbartalotpb@technorati.com', '+66 917 656 6244', '2023-12-28 17:07:23.524872', 'nR0|ZEMPu~', 'USER');
INSERT INTO public.user_t (id, first_name, last_name, email, phone, join_date, password, role) VALUES (964, 'Iosep', 'Winsbury', 'iwinsburypc@blog.com', '+33 199 368 7234', '2023-12-28 17:07:23.767195', 'tX1_vmR''', 'USER');
INSERT INTO public.user_t (id, first_name, last_name, email, phone, join_date, password, role) VALUES (965, 'Ailsun', 'Yacobsohn', 'ayacobsohnpd@bizjournals.com', '+7 271 575 9208', '2023-12-28 17:07:24.019123', 'qP4{4ctdO%eo`l!', 'USER');
INSERT INTO public.user_t (id, first_name, last_name, email, phone, join_date, password, role) VALUES (966, 'Meta', 'Kybird', 'mkybirdpe@gov.uk', '+62 520 440 4976', '2023-12-28 17:07:24.263055', 'rH4}B>vQD&&gt+', 'USER');
INSERT INTO public.user_t (id, first_name, last_name, email, phone, join_date, password, role) VALUES (967, 'Romain', 'Coursor', 'rcoursorpf@php.net', '+62 479 754 9621', '2023-12-28 17:07:24.506371', 'cD6>F3Rc.', 'USER');
INSERT INTO public.user_t (id, first_name, last_name, email, phone, join_date, password, role) VALUES (968, 'Berri', 'O''Feeney', 'bofeeneypg@is.gd', '+46 641 918 8763', '2023-12-28 17:07:24.751831', 'hA9{xbi1"{y', 'USER');
INSERT INTO public.user_t (id, first_name, last_name, email, phone, join_date, password, role) VALUES (969, 'Jeannette', 'Gravie', 'jgravieph@europa.eu', '+49 375 980 0939', '2023-12-28 17:07:25.002205', 'dI6&9mjV0Sb&"z', 'USER');
INSERT INTO public.user_t (id, first_name, last_name, email, phone, join_date, password, role) VALUES (970, 'Billy', 'Charlon', 'bcharlonpi@blogger.com', '+63 732 641 8718', '2023-12-28 17:07:25.242873', 'iE2$9f,Y', 'USER');
INSERT INTO public.user_t (id, first_name, last_name, email, phone, join_date, password, role) VALUES (971, 'Tiebout', 'Crummay', 'tcrummaypj@salon.com', '+687 553 709 1503', '2023-12-28 17:07:25.483876', 'sW9#xvkAHQv<)S', 'USER');
INSERT INTO public.user_t (id, first_name, last_name, email, phone, join_date, password, role) VALUES (972, 'Janot', 'Rutter', 'jrutterpk@list-manage.com', '+57 180 465 5975', '2023-12-28 17:07:25.736686', 'nC7{Rj`66/W<Ik', 'USER');
INSERT INTO public.user_t (id, first_name, last_name, email, phone, join_date, password, role) VALUES (973, 'Sydelle', 'Blazdell', 'sblazdellpl@parallels.com', '+31 397 251 0978', '2023-12-28 17:07:25.980053', 'bU9$&1f,LSm&', 'USER');
INSERT INTO public.user_t (id, first_name, last_name, email, phone, join_date, password, role) VALUES (974, 'Ofelia', 'Stutter', 'ostutterpm@ted.com', '+63 732 609 8820', '2023-12-28 17:07:26.23183', 'tL2~i=mEcr=5', 'USER');
INSERT INTO public.user_t (id, first_name, last_name, email, phone, join_date, password, role) VALUES (975, 'Holly-anne', 'Setterington', 'hsetteringtonpn@hibu.com', '+86 470 637 5704', '2023-12-28 17:07:26.491339', 'yH5+6#=h2', 'USER');
INSERT INTO public.user_t (id, first_name, last_name, email, phone, join_date, password, role) VALUES (976, 'Winnie', 'Garnall', 'wgarnallpo@eepurl.com', '+257 788 576 9830', '2023-12-28 17:07:26.752177', 'oH7/40"bNm48KF9r', 'USER');
INSERT INTO public.user_t (id, first_name, last_name, email, phone, join_date, password, role) VALUES (977, 'Karoline', 'Nerne', 'knernepp@livejournal.com', '+30 912 488 8580', '2023-12-28 17:07:26.99587', 'hY6_jksbdF=E', 'USER');
INSERT INTO public.user_t (id, first_name, last_name, email, phone, join_date, password, role) VALUES (978, 'Mayer', 'Ahrens', 'mahrenspq@xinhuanet.com', '+55 531 850 7849', '2023-12-28 17:07:27.240497', 'dZ6%ee/NH', 'USER');
INSERT INTO public.user_t (id, first_name, last_name, email, phone, join_date, password, role) VALUES (979, 'Diena', 'Athy', 'dathypr@ft.com', '+504 485 538 8587', '2023-12-28 17:07:27.491852', 'zP1_~tT_H4~', 'USER');
INSERT INTO public.user_t (id, first_name, last_name, email, phone, join_date, password, role) VALUES (980, 'Donnamarie', 'Cansdall', 'dcansdallps@odnoklassniki.ru', '+351 736 599 7369', '2023-12-28 17:07:27.74388', 'sX2{7(XtzsT!', 'USER');
INSERT INTO public.user_t (id, first_name, last_name, email, phone, join_date, password, role) VALUES (981, 'Kellsie', 'Connop', 'kconnoppt@answers.com', '+48 274 246 0980', '2023-12-28 17:07:27.987125', 'oI2_\Tzom.O+|lM', 'USER');
INSERT INTO public.user_t (id, first_name, last_name, email, phone, join_date, password, role) VALUES (982, 'Alexi', 'Crathern', 'acrathernpu@usda.gov', '+380 759 858 9986', '2023-12-28 17:07:28.230038', 'jN4.0*$4HpH', 'USER');
INSERT INTO public.user_t (id, first_name, last_name, email, phone, join_date, password, role) VALUES (983, 'Philomena', 'Luff', 'pluffpv@sun.com', '+48 845 160 0459', '2023-12-28 17:07:28.487419', 'kX8=RG?h}\$', 'USER');
INSERT INTO public.user_t (id, first_name, last_name, email, phone, join_date, password, role) VALUES (984, 'Jourdan', 'Olligan', 'jolliganpw@reference.com', '+63 212 130 2898', '2023-12-28 17:07:28.729913', 'zA0{j3UvB*', 'USER');
INSERT INTO public.user_t (id, first_name, last_name, email, phone, join_date, password, role) VALUES (985, 'Hasty', 'Jopke', 'hjopkepx@bizjournals.com', '+55 350 757 5488', '2023-12-28 17:07:28.975098', 'fI8~#`J##ZSH#', 'USER');
INSERT INTO public.user_t (id, first_name, last_name, email, phone, join_date, password, role) VALUES (986, 'Birk', 'Player', 'bplayerpy@cam.ac.uk', '+52 397 466 2480', '2023-12-28 17:07:29.226209', 'lJ2?+U3N`', 'USER');
INSERT INTO public.user_t (id, first_name, last_name, email, phone, join_date, password, role) VALUES (987, 'Olenolin', 'Snowling', 'osnowlingpz@domainmarket.com', '+355 490 938 5510', '2023-12-28 17:07:29.46747', 'bU0&q"1p@MOb', 'USER');
INSERT INTO public.user_t (id, first_name, last_name, email, phone, join_date, password, role) VALUES (988, 'Virge', 'De Matteis', 'vdematteisq0@rakuten.co.jp', '+86 862 166 4751', '2023-12-28 17:07:29.707498', 'qR9$@n8MuR$Ezxk', 'USER');
INSERT INTO public.user_t (id, first_name, last_name, email, phone, join_date, password, role) VALUES (989, 'Sara', 'Osbiston', 'sosbistonq1@rambler.ru', '+86 607 769 6133', '2023-12-28 17:07:29.950972', 'eA9%G/IV', 'USER');
INSERT INTO public.user_t (id, first_name, last_name, email, phone, join_date, password, role) VALUES (990, 'Geoffrey', 'Overel', 'goverelq2@printfriendly.com', '+385 973 965 4027', '2023-12-28 17:07:30.19094', 'wA1\kU.h', 'USER');
INSERT INTO public.user_t (id, first_name, last_name, email, phone, join_date, password, role) VALUES (991, 'Phelia', 'Hearnah', 'phearnahq3@pbs.org', '+33 491 788 4541', '2023-12-28 17:07:30.438138', 'bC6*.T$8QFnAW', 'USER');
INSERT INTO public.user_t (id, first_name, last_name, email, phone, join_date, password, role) VALUES (992, 'Giuditta', 'Creyke', 'gcreykeq4@nature.com', '+380 182 326 2003', '2023-12-28 17:07:30.679945', 'tR5$}rSagXrXNK`B', 'USER');
INSERT INTO public.user_t (id, first_name, last_name, email, phone, join_date, password, role) VALUES (993, 'Morly', 'Redfern', 'mredfernq5@washington.edu', '+86 811 787 3168', '2023-12-28 17:07:30.933949', 'nK3<=h(&uC/}', 'USER');
INSERT INTO public.user_t (id, first_name, last_name, email, phone, join_date, password, role) VALUES (994, 'Jeniffer', 'Zorzin', 'jzorzinq6@google.ca', '+60 765 500 7643', '2023-12-28 17:07:31.26791', 'oK9>c|cb$cq', 'USER');
INSERT INTO public.user_t (id, first_name, last_name, email, phone, join_date, password, role) VALUES (995, 'Burt', 'Gorvette', 'bgorvetteq7@ameblo.jp', '+63 347 936 9023', '2023-12-28 17:07:31.546464', 'yX3.!H*PTEg@U9', 'USER');
INSERT INTO public.user_t (id, first_name, last_name, email, phone, join_date, password, role) VALUES (996, 'Darby', 'Botha', 'dbothaq8@sohu.com', '+46 395 179 0070', '2023-12-28 17:07:31.787449', 'jB5+T$&R=Zf', 'USER');
INSERT INTO public.user_t (id, first_name, last_name, email, phone, join_date, password, role) VALUES (997, 'Shayne', 'Endrighi', 'sendrighiq9@t.co', '+52 630 452 4129', '2023-12-28 17:07:32.067834', 'vJ7|6q4eXt0GG', 'USER');
INSERT INTO public.user_t (id, first_name, last_name, email, phone, join_date, password, role) VALUES (998, 'Ewell', 'Clair', 'eclairqa@youku.com', '+255 615 602 9673', '2023-12-28 17:07:32.327368', 'iX9`a1IB', 'USER');
INSERT INTO public.user_t (id, first_name, last_name, email, phone, join_date, password, role) VALUES (999, 'Jessalyn', 'Garmans', 'jgarmansqb@loc.gov', '+242 866 728 9171', '2023-12-28 17:07:32.580557', 'hP4+?6mH', 'USER');
INSERT INTO public.user_t (id, first_name, last_name, email, phone, join_date, password, role) VALUES (1000, 'Agneta', 'Seywood', 'aseywoodqc@google.com.au', '+86 560 444 2485', '2023-12-28 17:07:32.867939', 'gY2,5*@l\BV|3i=', 'USER');
INSERT INTO public.user_t (id, first_name, last_name, email, phone, join_date, password, role) VALUES (1001, 'Killy', 'Cicetti', 'kcicettiqd@bbb.org', '+66 326 622 3763', '2023-12-28 17:07:33.113968', 'aC8''i)ygBWU7N!', 'USER');
INSERT INTO public.user_t (id, first_name, last_name, email, phone, join_date, password, role) VALUES (1002, 'Page', 'O''Canavan', 'pocanavanqe@blogspot.com', '+7 526 998 4277', '2023-12-28 17:07:33.360035', 'sT5{3A3zk<Gw', 'USER');
INSERT INTO public.user_t (id, first_name, last_name, email, phone, join_date, password, role) VALUES (1003, 'Justis', 'Kilshall', 'jkilshallqf@who.int', '+62 458 409 1598', '2023-12-28 17:07:33.623838', 'yZ4&%Lc"u5', 'USER');
INSERT INTO public.user_t (id, first_name, last_name, email, phone, join_date, password, role) VALUES (1004, 'Rodi', 'Levecque', 'rlevecqueqg@dyndns.org', '+353 691 486 2622', '2023-12-28 17:07:33.875318', 'bP6~wcN7\S>}hAy', 'USER');
INSERT INTO public.user_t (id, first_name, last_name, email, phone, join_date, password, role) VALUES (1005, 'Hughie', 'Durker', 'hdurkerqh@aol.com', '+86 221 190 6448', '2023-12-28 17:07:34.119159', 'rE7/hvlts', 'USER');
INSERT INTO public.user_t (id, first_name, last_name, email, phone, join_date, password, role) VALUES (1006, 'La verne', 'Waters', 'lwatersqi@canalblog.com', '+46 806 340 4023', '2023-12-28 17:07:34.361397', 'tT2.#E2D`K#`s,>', 'USER');
INSERT INTO public.user_t (id, first_name, last_name, email, phone, join_date, password, role) VALUES (1007, 'Eloisa', 'Petrussi', 'epetrussiqj@dropbox.com', '+86 808 821 3193', '2023-12-28 17:07:34.607947', 'jP4*A{9~N&0dk7', 'USER');
INSERT INTO public.user_t (id, first_name, last_name, email, phone, join_date, password, role) VALUES (1008, 'Freedman', 'Yakhin', 'fyakhinqk@youtube.com', '+66 425 551 9215', '2023-12-28 17:07:34.875503', 'rB6"aAOS*y', 'USER');
INSERT INTO public.user_t (id, first_name, last_name, email, phone, join_date, password, role) VALUES (1009, 'Cally', 'Wiper', 'cwiperql@wisc.edu', '+970 697 873 5144', '2023-12-28 17:07:35.117897', 'wH3>GUqk*', 'USER');
INSERT INTO public.user_t (id, first_name, last_name, email, phone, join_date, password, role) VALUES (1010, 'Valentine', 'Ricker', 'vrickerqm@wordpress.com', '+355 636 738 9828', '2023-12-28 17:07:35.376453', 'rG6~=i,I', 'USER');
INSERT INTO public.user_t (id, first_name, last_name, email, phone, join_date, password, role) VALUES (1011, 'Helyn', 'Deschlein', 'hdeschleinqn@prlog.org', '+57 889 651 5483', '2023-12-28 17:07:35.619228', 'dF0_hj@.n8', 'USER');
INSERT INTO public.user_t (id, first_name, last_name, email, phone, join_date, password, role) VALUES (1012, 'Elene', 'Tearle', 'etearleqo@harvard.edu', '+55 840 679 5385', '2023-12-28 17:07:35.87994', 'nL1|@{oS7OUfjg', 'USER');
INSERT INTO public.user_t (id, first_name, last_name, email, phone, join_date, password, role) VALUES (1013, 'Arlana', 'Folomin', 'afolominqp@list-manage.com', '+7 925 556 7154', '2023-12-28 17:07:36.142902', 'xN4$7Zm({1N', 'USER');
INSERT INTO public.user_t (id, first_name, last_name, email, phone, join_date, password, role) VALUES (1014, 'Wolfy', 'Jewell', 'wjewellqq@bravesites.com', '+86 971 125 0257', '2023-12-28 17:07:36.3931', 'qL3.SHRUp', 'USER');
INSERT INTO public.user_t (id, first_name, last_name, email, phone, join_date, password, role) VALUES (1015, 'Darda', 'Giovanitti', 'dgiovanittiqr@marketwatch.com', '+351 607 654 1172', '2023-12-28 17:07:36.642649', 'gO3}tlY}', 'USER');
INSERT INTO public.user_t (id, first_name, last_name, email, phone, join_date, password, role) VALUES (1016, 'Sandie', 'Arnoud', 'sarnoudqs@cafepress.com', '+507 190 430 9553', '2023-12-28 17:07:36.886994', 'gS2<?E*~_4/TBY3', 'USER');
INSERT INTO public.user_t (id, first_name, last_name, email, phone, join_date, password, role) VALUES (1017, 'Philbert', 'Skipp', 'pskippqt@uol.com.br', '+62 216 168 1491', '2023-12-28 17:07:37.131827', 'xL2''R>ykGE%g', 'USER');
INSERT INTO public.user_t (id, first_name, last_name, email, phone, join_date, password, role) VALUES (1018, 'Talyah', 'Pheby', 'tphebyqu@utexas.edu', '+86 619 119 5021', '2023-12-28 17:07:37.385386', 'sA9~YGEy)*g''}8,=', 'USER');
INSERT INTO public.user_t (id, first_name, last_name, email, phone, join_date, password, role) VALUES (1019, 'Garwood', 'Mewrcik', 'gmewrcikqv@theglobeandmail.com', '+7 264 641 3787', '2023-12-28 17:07:37.629069', 'mX2",8QetMO|hf', 'USER');
INSERT INTO public.user_t (id, first_name, last_name, email, phone, join_date, password, role) VALUES (1020, 'Krishna', 'Bahl', 'kbahlqw@360.cn', '+86 178 497 6128', '2023-12-28 17:07:37.87104', 'eN7`!(~y)j{z>gTH', 'USER');
INSERT INTO public.user_t (id, first_name, last_name, email, phone, join_date, password, role) VALUES (1021, 'Katlin', 'Fockes', 'kfockesqx@rambler.ru', '+62 582 938 2281', '2023-12-28 17:07:38.120394', 'zW1`(Fo4/Ht(', 'USER');
INSERT INTO public.user_t (id, first_name, last_name, email, phone, join_date, password, role) VALUES (1022, 'Hanna', 'Brain', 'hbrainqy@shareasale.com', '+63 671 869 3394', '2023-12-28 17:07:38.393712', 'oJ3}u4yk9', 'USER');
INSERT INTO public.user_t (id, first_name, last_name, email, phone, join_date, password, role) VALUES (1023, 'Elsy', 'McCracken', 'emccrackenqz@statcounter.com', '+86 978 339 6478', '2023-12-28 17:07:38.63548', 'pT9{RPgu&', 'USER');
INSERT INTO public.user_t (id, first_name, last_name, email, phone, join_date, password, role) VALUES (1024, 'Hew', 'McClean', 'hmccleanr0@senate.gov', '+1 738 730 6170', '2023-12-28 17:07:38.882244', 'nH4_3''D4i#O|L', 'USER');
INSERT INTO public.user_t (id, first_name, last_name, email, phone, join_date, password, role) VALUES (1025, 'Bendick', 'Solomonides', 'bsolomonidesr1@tiny.cc', '+86 881 460 1112', '2023-12-28 17:07:39.120692', 'fS4>naXN', 'USER');
INSERT INTO public.user_t (id, first_name, last_name, email, phone, join_date, password, role) VALUES (1026, 'Amalle', 'Hindrick', 'ahindrickr2@yahoo.com', '+51 117 188 6625', '2023-12-28 17:07:39.361621', 'bO7+iPthgi<', 'USER');
INSERT INTO public.user_t (id, first_name, last_name, email, phone, join_date, password, role) VALUES (1027, 'Emiline', 'Sawers', 'esawersr3@infoseek.co.jp', '+351 668 424 2821', '2023-12-28 17:07:39.600186', 'dZ1{DBa=A%<C3?oK', 'USER');
INSERT INTO public.user_t (id, first_name, last_name, email, phone, join_date, password, role) VALUES (1028, 'Irvine', 'Fritschmann', 'ifritschmannr4@angelfire.com', '+62 161 229 1501', '2023-12-28 17:07:39.841431', 'yX4$Bzrg', 'USER');
INSERT INTO public.user_t (id, first_name, last_name, email, phone, join_date, password, role) VALUES (1029, 'Floria', 'Guiducci', 'fguiduccir5@google.pl', '+86 151 340 0386', '2023-12-28 17:07:40.085904', 'tK8''S2%j"@h_65', 'USER');
INSERT INTO public.user_t (id, first_name, last_name, email, phone, join_date, password, role) VALUES (1030, 'Sallie', 'Tribe', 'striber6@wikipedia.org', '+46 849 156 5645', '2023-12-28 17:07:40.329388', 'sR4{C"<p', 'USER');
INSERT INTO public.user_t (id, first_name, last_name, email, phone, join_date, password, role) VALUES (1031, 'Barbe', 'MacPhee', 'bmacpheer7@i2i.jp', '+86 371 689 7353', '2023-12-28 17:07:40.571829', 'oA4/HM)sZ+(7(n&W', 'USER');
INSERT INTO public.user_t (id, first_name, last_name, email, phone, join_date, password, role) VALUES (1032, 'Beniamino', 'Baumert', 'bbaumertr8@elegantthemes.com', '+372 108 297 6013', '2023-12-28 17:07:40.867982', 'gR6"E<#S!+>,_', 'USER');
INSERT INTO public.user_t (id, first_name, last_name, email, phone, join_date, password, role) VALUES (1033, 'Hadria', 'Wix', 'hwixr9@thetimes.co.uk', '+970 165 118 1407', '2023-12-28 17:07:41.109636', 'lY8?2oWZPzDQ6', 'USER');
INSERT INTO public.user_t (id, first_name, last_name, email, phone, join_date, password, role) VALUES (1034, 'Alla', 'Cully', 'acullyra@cloudflare.com', '+7 889 713 5864', '2023-12-28 17:07:41.640901', 'gG3/3p8jA}Wv(3=W', 'USER');
INSERT INTO public.user_t (id, first_name, last_name, email, phone, join_date, password, role) VALUES (1035, 'Mora', 'Bouette', 'mbouetterb@army.mil', '+86 874 884 5284', '2023-12-28 17:07:42.001447', 'mR5%k{"tVOQ$,I|g', 'USER');
INSERT INTO public.user_t (id, first_name, last_name, email, phone, join_date, password, role) VALUES (1036, 'Brigit', 'Strongitharm', 'bstrongitharmrc@ameblo.jp', '+62 964 365 9384', '2023-12-28 17:07:42.471886', 'kT6=C|7D96g&bJTR', 'USER');
INSERT INTO public.user_t (id, first_name, last_name, email, phone, join_date, password, role) VALUES (1037, 'Rey', 'Gobourn', 'rgobournrd@eepurl.com', '+62 719 659 9721', '2023-12-28 17:07:42.826201', 'iP9>g{a#}mP)BgIk', 'USER');
INSERT INTO public.user_t (id, first_name, last_name, email, phone, join_date, password, role) VALUES (1038, 'Cordy', 'Hendrichs', 'chendrichsre@japanpost.jp', '+970 449 584 2319', '2023-12-28 17:07:43.192114', 'jV1''PdP+OUX=%oV+', 'USER');
INSERT INTO public.user_t (id, first_name, last_name, email, phone, join_date, password, role) VALUES (1039, 'Lynnet', 'Phillott', 'lphillottrf@bing.com', '+1 785 825 2879', '2023-12-28 17:07:43.51831', 'uF7}l{vc1nDY{vk', 'USER');
INSERT INTO public.user_t (id, first_name, last_name, email, phone, join_date, password, role) VALUES (1040, 'Andi', 'Farrin', 'afarrinrg@hao123.com', '+86 351 521 7892', '2023-12-28 17:07:43.763116', 'mW3_{|BV8~VS1Pcn', 'USER');
INSERT INTO public.user_t (id, first_name, last_name, email, phone, join_date, password, role) VALUES (1041, 'Ewell', 'Munby', 'emunbyrh@ft.com', '+48 762 543 4495', '2023-12-28 17:07:44.015082', 'vH4.p~%2hck', 'USER');
INSERT INTO public.user_t (id, first_name, last_name, email, phone, join_date, password, role) VALUES (1042, 'Sharyl', 'Mattheissen', 'smattheissenri@myspace.com', '+54 236 979 4771', '2023-12-28 17:07:44.259234', 'fA5?*#u(AP,p', 'USER');
INSERT INTO public.user_t (id, first_name, last_name, email, phone, join_date, password, role) VALUES (1043, 'Heinrik', 'Toplin', 'htoplinrj@drupal.org', '+976 585 203 8247', '2023-12-28 17:07:44.506969', 'yI5>`+}O`A.v', 'USER');
INSERT INTO public.user_t (id, first_name, last_name, email, phone, join_date, password, role) VALUES (1044, 'Frayda', 'Hurlin', 'fhurlinrk@devhub.com', '+33 266 884 6572', '2023-12-28 17:07:44.76105', 'bC6''Lv|<', 'USER');
INSERT INTO public.user_t (id, first_name, last_name, email, phone, join_date, password, role) VALUES (1045, 'Lucina', 'Stuckley', 'lstuckleyrl@princeton.edu', '+351 146 844 0265', '2023-12-28 17:07:45.11589', 'nR2.Tr<W1UGw#c3', 'USER');
INSERT INTO public.user_t (id, first_name, last_name, email, phone, join_date, password, role) VALUES (1046, 'Eachelle', 'Farnham', 'efarnhamrm@auda.org.au', '+62 904 457 3849', '2023-12-28 17:07:45.386474', 'rI7*<aO>q%T|lY', 'USER');
INSERT INTO public.user_t (id, first_name, last_name, email, phone, join_date, password, role) VALUES (1047, 'Katrinka', 'Whyatt', 'kwhyattrn@salon.com', '+86 393 848 1850', '2023-12-28 17:07:45.637168', 'sN4*5w*?w}PMW', 'USER');
INSERT INTO public.user_t (id, first_name, last_name, email, phone, join_date, password, role) VALUES (1048, 'Dwayne', 'Bever', 'dbeverro@ucoz.com', '+7 805 505 4000', '2023-12-28 17:07:45.879838', 'tG2!o!XNTY', 'USER');
INSERT INTO public.user_t (id, first_name, last_name, email, phone, join_date, password, role) VALUES (1049, 'Gardener', 'Ainsley', 'gainsleyrp@infoseek.co.jp', '+420 223 670 9274', '2023-12-28 17:07:46.123052', 'mH0/Sc2H)v{', 'USER');
INSERT INTO public.user_t (id, first_name, last_name, email, phone, join_date, password, role) VALUES (1050, 'Gelya', 'Jessen', 'gjessenrq@unesco.org', '+86 862 418 1432', '2023-12-28 17:07:46.383928', 'hO4%fcdo,f5~dPK', 'USER');
INSERT INTO public.user_t (id, first_name, last_name, email, phone, join_date, password, role) VALUES (1051, 'Casandra', 'Hadcroft', 'chadcroftrr@thetimes.co.uk', '+92 995 329 2686', '2023-12-28 17:07:46.635276', 'oC4<''t=NX@', 'USER');
INSERT INTO public.user_t (id, first_name, last_name, email, phone, join_date, password, role) VALUES (1052, 'Ahmad', 'Kasme', 'gombizombi1@gmail.com', '+201017826756', '2023-12-28 21:05:49.924752', '$2a$10$3bmivxt3El8u2WOc7VsjtujNBnsa9QgoVzsNGPohRNZmJpAhffUUi', 'USER');


--
-- Name: address_t_id_seq; Type: SEQUENCE SET; Schema: public; Owner: root
--

SELECT pg_catalog.setval('public.address_t_id_seq', 60, true);


--
-- Name: category_id_seq; Type: SEQUENCE SET; Schema: public; Owner: root
--

SELECT pg_catalog.setval('public.category_id_seq', 18, true);


--
-- Name: city_t_id_seq; Type: SEQUENCE SET; Schema: public; Owner: root
--

SELECT pg_catalog.setval('public.city_t_id_seq', 419, true);


--
-- Name: country_t_id_seq; Type: SEQUENCE SET; Schema: public; Owner: root
--

SELECT pg_catalog.setval('public.country_t_id_seq', 1, true);


--
-- Name: customer_id_seq; Type: SEQUENCE SET; Schema: public; Owner: root
--

SELECT pg_catalog.setval('public.customer_id_seq', 1052, true);


--
-- Name: order_Item_id_seq; Type: SEQUENCE SET; Schema: public; Owner: root
--

SELECT pg_catalog.setval('public."order_Item_id_seq"', 308, true);


--
-- Name: order__id_seq; Type: SEQUENCE SET; Schema: public; Owner: root
--

SELECT pg_catalog.setval('public.order__id_seq', 135, true);


--
-- Name: payment_id_seq; Type: SEQUENCE SET; Schema: public; Owner: root
--

SELECT pg_catalog.setval('public.payment_id_seq', 105, true);


--
-- Name: price_history_t_id_seq; Type: SEQUENCE SET; Schema: public; Owner: root
--

SELECT pg_catalog.setval('public.price_history_t_id_seq', 25, true);


--
-- Name: product_id_seq; Type: SEQUENCE SET; Schema: public; Owner: root
--

SELECT pg_catalog.setval('public.product_id_seq', 67, true);


--
-- Name: address_t address_t_pkey; Type: CONSTRAINT; Schema: public; Owner: root
--

ALTER TABLE ONLY public.address_t
    ADD CONSTRAINT address_t_pkey PRIMARY KEY (id);


--
-- Name: category_t category_pk; Type: CONSTRAINT; Schema: public; Owner: root
--

ALTER TABLE ONLY public.category_t
    ADD CONSTRAINT category_pk PRIMARY KEY (id);


--
-- Name: city_t city_t_pkey; Type: CONSTRAINT; Schema: public; Owner: root
--

ALTER TABLE ONLY public.city_t
    ADD CONSTRAINT city_t_pkey PRIMARY KEY (id);


--
-- Name: country_t country_t_name_key; Type: CONSTRAINT; Schema: public; Owner: root
--

ALTER TABLE ONLY public.country_t
    ADD CONSTRAINT country_t_name_key UNIQUE (name);


--
-- Name: country_t country_t_pkey; Type: CONSTRAINT; Schema: public; Owner: root
--

ALTER TABLE ONLY public.country_t
    ADD CONSTRAINT country_t_pkey PRIMARY KEY (id);


--
-- Name: user_t customer_email_key; Type: CONSTRAINT; Schema: public; Owner: root
--

ALTER TABLE ONLY public.user_t
    ADD CONSTRAINT customer_email_key UNIQUE (email);


--
-- Name: user_t customer_phone_key; Type: CONSTRAINT; Schema: public; Owner: root
--

ALTER TABLE ONLY public.user_t
    ADD CONSTRAINT customer_phone_key UNIQUE (phone);


--
-- Name: user_t customer_pkey; Type: CONSTRAINT; Schema: public; Owner: root
--

ALTER TABLE ONLY public.user_t
    ADD CONSTRAINT customer_pkey PRIMARY KEY (id);


--
-- Name: payment_t id; Type: CONSTRAINT; Schema: public; Owner: root
--

ALTER TABLE ONLY public.payment_t
    ADD CONSTRAINT id PRIMARY KEY (id);


--
-- Name: order_item_t order_item_pk; Type: CONSTRAINT; Schema: public; Owner: root
--

ALTER TABLE ONLY public.order_item_t
    ADD CONSTRAINT order_item_pk PRIMARY KEY (id);


--
-- Name: order_t order_pkey; Type: CONSTRAINT; Schema: public; Owner: root
--

ALTER TABLE ONLY public.order_t
    ADD CONSTRAINT order_pkey PRIMARY KEY (id);


--
-- Name: price_history_t price_history_t_pk; Type: CONSTRAINT; Schema: public; Owner: root
--

ALTER TABLE ONLY public.price_history_t
    ADD CONSTRAINT price_history_t_pk PRIMARY KEY (id);


--
-- Name: product_t product_pk; Type: CONSTRAINT; Schema: public; Owner: root
--

ALTER TABLE ONLY public.product_t
    ADD CONSTRAINT product_pk PRIMARY KEY (id);


--
-- Name: category_t unique_category_name; Type: CONSTRAINT; Schema: public; Owner: root
--

ALTER TABLE ONLY public.category_t
    ADD CONSTRAINT unique_category_name UNIQUE (category_name);


--
-- Name: product_t_product_title_index; Type: INDEX; Schema: public; Owner: root
--

CREATE INDEX product_t_product_title_index ON public.product_t USING btree (product_title);


--
-- Name: order_t before_update_order_statue; Type: TRIGGER; Schema: public; Owner: root
--

CREATE TRIGGER before_update_order_statue AFTER UPDATE ON public.order_t FOR EACH ROW EXECUTE FUNCTION public.before_update_order_statue();


--
-- Name: product_t before_update_product_price; Type: TRIGGER; Schema: public; Owner: root
--

CREATE TRIGGER before_update_product_price BEFORE UPDATE ON public.product_t FOR EACH ROW EXECUTE FUNCTION public.before_update_product_price();


--
-- Name: order_item_t Order_Item_product_id_fk; Type: FK CONSTRAINT; Schema: public; Owner: root
--

ALTER TABLE ONLY public.order_item_t
    ADD CONSTRAINT "Order_Item_product_id_fk" FOREIGN KEY (product_id) REFERENCES public.product_t(id) ON DELETE SET NULL;


--
-- Name: address_t address_t_city_id_fkey; Type: FK CONSTRAINT; Schema: public; Owner: root
--

ALTER TABLE ONLY public.address_t
    ADD CONSTRAINT address_t_city_id_fkey FOREIGN KEY (city_id) REFERENCES public.city_t(id);


--
-- Name: address_t address_t_country_id_fkey; Type: FK CONSTRAINT; Schema: public; Owner: root
--

ALTER TABLE ONLY public.address_t
    ADD CONSTRAINT address_t_country_id_fkey FOREIGN KEY (country_id) REFERENCES public.country_t(id);


--
-- Name: address_t address_t_customer_id_fkey; Type: FK CONSTRAINT; Schema: public; Owner: root
--

ALTER TABLE ONLY public.address_t
    ADD CONSTRAINT address_t_customer_id_fkey FOREIGN KEY (customer_id) REFERENCES public.user_t(id);


--
-- Name: city_t city_t_country_t_id_fk; Type: FK CONSTRAINT; Schema: public; Owner: root
--

ALTER TABLE ONLY public.city_t
    ADD CONSTRAINT city_t_country_t_id_fk FOREIGN KEY (country_id) REFERENCES public.country_t(id) ON DELETE CASCADE;


--
-- Name: order_t order_customer_id_fkey; Type: FK CONSTRAINT; Schema: public; Owner: root
--

ALTER TABLE ONLY public.order_t
    ADD CONSTRAINT order_customer_id_fkey FOREIGN KEY (customer_id) REFERENCES public.user_t(id) ON DELETE SET NULL;


--
-- Name: order_t order_t_address_t_id_fk; Type: FK CONSTRAINT; Schema: public; Owner: root
--

ALTER TABLE ONLY public.order_t
    ADD CONSTRAINT order_t_address_t_id_fk FOREIGN KEY (address_id) REFERENCES public.address_t(id);


--
-- Name: payment_t payment_t_order_t_id_fk; Type: FK CONSTRAINT; Schema: public; Owner: root
--

ALTER TABLE ONLY public.payment_t
    ADD CONSTRAINT payment_t_order_t_id_fk FOREIGN KEY (order_id) REFERENCES public.order_t(id) ON DELETE CASCADE;


--
-- Name: product_t product_category_id_fk; Type: FK CONSTRAINT; Schema: public; Owner: root
--

ALTER TABLE ONLY public.product_t
    ADD CONSTRAINT product_category_id_fk FOREIGN KEY (category_id) REFERENCES public.category_t(id) ON DELETE CASCADE;


--
-- Name: price_history_t product_id; Type: FK CONSTRAINT; Schema: public; Owner: root
--

ALTER TABLE ONLY public.price_history_t
    ADD CONSTRAINT product_id FOREIGN KEY (product_id) REFERENCES public.product_t(id) ON DELETE CASCADE;


--
-- Name: DEFAULT PRIVILEGES FOR SEQUENCES; Type: DEFAULT ACL; Schema: -; Owner: postgres
--

ALTER DEFAULT PRIVILEGES FOR ROLE postgres GRANT ALL ON SEQUENCES TO root;


--
-- Name: DEFAULT PRIVILEGES FOR TYPES; Type: DEFAULT ACL; Schema: -; Owner: postgres
--

ALTER DEFAULT PRIVILEGES FOR ROLE postgres GRANT ALL ON TYPES TO root;


--
-- Name: DEFAULT PRIVILEGES FOR FUNCTIONS; Type: DEFAULT ACL; Schema: -; Owner: postgres
--

ALTER DEFAULT PRIVILEGES FOR ROLE postgres GRANT ALL ON FUNCTIONS TO root;


--
-- Name: DEFAULT PRIVILEGES FOR TABLES; Type: DEFAULT ACL; Schema: -; Owner: postgres
--

ALTER DEFAULT PRIVILEGES FOR ROLE postgres GRANT ALL ON TABLES TO root;


--
-- PostgreSQL database dump complete
--

